,cate,news
0,eco,"['(강원 고성=연합뉴스) 이종건 기자 = 동해 최북단 저도어장이 한시적 개방에 들어가 첫날 조업이 무사히 진행됐다.6일 속초해경에 따르면 어로한계선과 북방한계선(NLL) 사이 저도어장 올해 첫 조업이 이날 시작됐다.어장에는 강원 고성지역 문어연승 119척과 자망 19척 등 어선 149척이 출어해 무사히 조업을 마쳤다.오전 5시부터 40여분간 진행된 해경의 점호를 받고 어로한계선에서 대기하던 어선들은 오전 6시 출발신호가 울리자 일제히 어장으로 진입해 문어와 성게, 미역, 다시마 등을 채취했다.저도어장은 매년 4월부터 12월 말까지 고성지역 어민들에게 개방되고 있다.한 어민은 ""3개월 동안의 출어금지가 풀린 첫날이어서 그런지 조업 시작 후 얼마 안 되는 사이에 문어 30㎏ 정도를 잡았다""며 ""어장개방 첫날 조업실적이 좋다""고 기뻐했다.한편, 북방한계선과 불과 1.6㎞밖에 떨어져 있지 않은 어장이 개방됨에 따라 해군과 해경은 고속정과 경비함정을 투입해 조업 어선들을 보호했다.강성기 동해지방해양경찰청장도 조업보호 임무 수행에 나선 경비정에 승선해 어장 치안 상황을 점검했다.해군과 해경은 어장개방 기간 매일 고속정과 경비함정을 투입해 안전사고와 월선, 피랍 등에 대비할 계획이다.속초해경 관계자는 ""최근 북한의 잇따른 도발 등으로 긴장 상태가 유지되고 있는 만큼 빈틈없는 임무 수행으로 우리 어민과 어선을 보호하는 데 최선을 다하겠다""고 말했다.해군도 ""어장개방 기간 해경과 유기적인 협조체계를 구축해 어민들이 안심하고 조업할 수 있도록 빈틈없는 지원 작전태세를 유지해 나가겠다""고 밝혔다.momo@yna.co.kr▶제보는 카톡 okjebo']"
1,eco,"['기사내용 요약 통계청 \'한국의 SDGs 이행보고서 2022\' 발간 상대적 빈곤율 15.3%…76세 이상 52%로 높아 코로나19로 2020년 미세먼지 농도 역대 최저 우리나라 곡물자급률 20%…1970년의 4분의 1 여성 5명 중 1명 ""배우자로부터 폭행 경험해"" [세종=뉴시스] 박영주 기자 = 우리나라 66세 이상 노인의 상대적 빈곤 위험도가 경제협력개발기구(OECD) 주요 국가 중 가장 높은 것으로 나타났다. 초미세먼지 농도 또한 OECD 평균보다 높게 나타나는 등 대기오염은 \'심각\' 단계에 이르렀다.러시아의 우크라이나 침공 사태 등으로 곡물 가격 상승세가 두드러진 가운데 우리나라의 곡물 자급률은 20.2% 수준에 머물렀다. 특히 밀, 두류 등 자급률은 10% 미만에 그쳤다.통계청은 6일 이런 내용을 담은 \'한국의 SDGs 이행보고서 2022\'를 발간했다.66세 이상 빈곤율을 세분화해 비교하면 66~75세 빈곤율은 2011년 43.5%에서 2020년 31.4%로 낮아지는 추세를 보였으나 76세 이상은 2011년 55.3%에서 2020년 52.0%로 큰 변화가 없었다.상대적 빈곤율은 균등화한 가구소득을 기준으로 한 사회 내 중위소득의 50% 이하 소득을 가진 가구에 속하는 인구의 비율이다. 고령자 중 공적 연금 미수급자가 많고 연금액도 적으면서 빈곤율이 높은 것으로 분석된다.18~65세 빈곤율을 18~65세 빈곤율로 나눈 상대적 빈곤 위험도를 비교하면 OECD 국가 중 우리나라가 가장 높았다. 2018년 기준 한국의 빈곤 위험도는 367.8%로 스위스(250.0%), 호주(246.9%), 일본(153.8%)을 앞질렀다.초미세먼지는 입자가 미세해 인체에 흡입되면 폐에 직접 침투해 폐 질환을 유발하고 조기 사망률을 증가시킬 수 있다. 다만 코로나19 영향으로 2020년 미세먼지 농도는 19㎍/㎥로 2019년보다 17.4% 감소해 역대 가장 낮은 수치를 기록했다.OECD 주요국의 초미세먼지 농도는 1990년 이후 지속적으로 감소하는 추세지만, 한국은 답보 상태에 머무르는 것으로 조사됐다. 이에 따라 국내 초미세먼지 농도를 OECD 평균 또는 세계보건기구(WHO) 권고 수준 10㎍/㎥로 저감할 필요성도 제기된다. 특히 러시아의 우크라이나 침공으로 가격이 치솟고 있는 밀의 자급률은 0.5%에 그쳤다. 옥수수(0.7%)와 두류(7.5%)도 매우 낮은 편이었다.반면 미국의 곡물 자급률은 2000년 133.1%. 2010년 119.6%, 2020년 120.1%로 나타났으며 캐나다도 2020년 192.0%로 곡물 자급률이 100% 이상을 보였다. 중국도 2020년 91.1%의 곡물 자급률을 보였으나 일본은 27.3%로 한국과 마찬가지로 낮은 수준에 머물렀다.남성의 경우 현재 배우자에 의한 폭력 경험은 13.9%로 여성보다 6.8%포인트(p) 낮았다. 정서적 폭력 경험 비율은 13.1%였으며 신체적 폭력(2.4%), 성적 폭력(1.3%), 경제적 폭력(1.2%)이 뒤따랐다.가사 노동의 성별 격차도 컸다. 10세 이상 여성의 무급가사노동시간은 2019년 기준 2시간58분으로 남성(52분)보다 2시간6분 많았다. 미혼 여성은 1시간4분, 미혼 남성은 35분으로 그 차이가 크지 않았다. 반면 기혼 여성의 경우 가사 노동 시간이 3시간45분이었으나 남성은 1시간4분에 그쳤다.경제와 정치에서 여성의 대표성도 낮은 수준에 머물렀다. 2020년 관리자 중 여성의 비중은 15.7%로 2016년 9.8% 이후 점차 상승세를 보였지만 OECD 국가 중에서는 하위권에 속했다. 보건업 및 사회복지서비스업의 여성 관리자 비율이 70.1%로 가장 높았으며 뒤이어 교육 서비스업(44.0%)으로 나타났다.한국의 여성 국회의원 비중은 19.0%로 5명 중 1명꼴에 불과했다. 이는 OECD 38개국 중 34위로 낮은 수준이다. 한국보다 낮은 국가는 일본(9.9%), 헝가리(12.6%), 터키(17.3%), 콜롬비아(18.8%)뿐이었다. ☞공감언론 뉴시스 gogogirl@newsis.com ']"
2,eco,"['인간의 척수 형성 과정을 모방한 오가노이드(미니 장기)가 개발됐다.고려대 의대 선웅 교수 연구진은 5일 “척수 오가노이드를 개발해 약물 시험에 쓸 수 있음을 증명했다”고 밝혔다. 한국과학기술연구원(KIST), 이화여대 등과 공동 수행한 연구 결과는 지난달 국제학술지 ‘네이처 바이오메디컬 엔지니어링’에 실렸다.연구진은 인간의 신경관 발달 과정을 그대로 모방한 오가노이드를 만들었다. 튜브 모양 신경관은 배아 발달 초기 신경 조직으로, 나중에 뇌와 척수로 자란다. 신경관에 문제가 생기면 뇌·척수가 제대로 발달하지 못하고 심하면 무뇌증까지 생길 수 있다. 신경관이 제대로 닫히지 않으면 선천성 발달장애인 ‘신경관 결손’을 일으킨다.신경관은 임신 3주 차에 발생하기 때문에 연구하기 어렵다. 척수 성분과 유사한 세포 덩어리를 만드는 시도는 있었지만, 발달 과정까지 모방한 것은 이번이 처음이다. 연구진은 척수 오가노이드가 실제 척수 조직과 유사한 것을 확인했다.또 척수 오가노이드로 약물 시험도 진행했다. 임신부에게 투여하면 태아의 신경관 결손을 유발하는 것으로 확인된 약물이 있다. 연구진은 이 약물을 오가노이드에 처리했더니 기존 임상시험과 같은 결과가 나왔다고 밝혔다. 선 교수는 “태아에 영향을 줄 수 있는 약물을 오가노이드를 통해 미리 찾아 부작용을 막을 수 있다”라며 “신경관 결손뿐 아니라 다양한 뇌질환 모델을 만드는 데 활용할 수 있다”고 말했다.']"
3,eco,"[' [이데일리 강신우 기자] 부동산 중개플랫폼인 프롭테크업체가 부동산시장에 속속 등장하며 덩치를 키우면서 기존 부동산중개업소와의 갈등이 거세지고 있다. 네이버 “불법 크롤링” vs 다윈 “아웃링크 제공일 뿐”6일 부동산중개업계에 따르면 반값 중개보수를 내세운 프롭테크업체 ‘다윈프로퍼티’(다윈중개)가 네이버부동산을 서비스하는 포털사이트 네이버로부터 소송을 당했다. 당시 김석환 다윈중개 대표는 본지와의 인터뷰에서 “일부 중개사들로부터 다윈중개가 매물 가로채기나 허위매물 광고하는 것 아니냐는 오해를 받고 있어 이를 해소하는 것이 맞는다고 판단해 홈페이지를 개편했다”고 해명했다.이에 대해 네이버부동산 관계자는 “네이버는 불법 크롤링 행위를 중단하도록 작년 8월 이후 2번이나 공문을 보냈지만 시정되지 않았다”며 “네이버의 인력과 비용이 들어간 양질의 매물 정보를 무단으로 가져가 반값 수수료를 표방해 사업에 활용하는 것은 불법적인 행위로 판단해 가처분 신청을 한 것”이라고 했다.다윈중개 측은 홈페이지를 전면 개편했음에도 네이버가 소송을 제기한 것은 이해할 수 없다는 입장이다. 김 대표는 “다윈중개는 자사 사이트 방문자들이 네이버부동산 매물도 반값으로 중개 받을 수 있도록 네이버부동산으로 이동하는 ‘아웃링크’를 제공할 뿐”이라며 “모든 사이트들의 정보를 가져와서 서비스하는 네이버가 다윈중개의 큐레이션 서비스에 소송을 제기하는 것은 지나치다”고 강조했다. 그는 또 “네이버가 광고주인 공인중개사협회와 일부 중개사들의 항의에 굴복해 스타트업을 상대로 무리한 소송을 제기한 것 같다”고 주장했다. 실제로 네이버는 수원지방법원 성남지원에 낸 ‘데이터베이스권 침해 등 가처분’ 소장을 통해 “네이버는 네이버부동산을 이용하는 공인중개사나 제휴 부동산플랫폼업체로부터 거센 항의를 받고 있다”며 “네이버부동산을 이용하는 공인중개사들과의 신뢰관계가 무너지고 있다”고 밝혔다. 개업공인들의 압력?…중개사협회 4번째 소송 걸어네이버의 소송에 이어 최근에는 한국공인중개사협회에서도 다윈중개를 상대로 ‘공인중개사법 위반’ 혐의가 있다며 소송을 냈다. 다윈중개가 공인중개사가 아니면서도 ‘다윈중개’라는 이름의 사이트 운영 등 유사 명칭을 사용하고 있어 처벌해달라는 내용이다. 공인중개사법 제 49조 제1항 제2호는 ‘같은 법 제8조(유사명칭 사용금지)의 규정을 위반해 공인중개사가 아닌 자로서 공인중개사 또는 이와 유사한 명칭을 사용한 자는 처벌한다’고 규정하고 있다.중개사협회 관계자는 “다윈중개가 무등록중개를 하고 있다”며 “계약건별 중개보수를 다윈중개와 회원 중개사가 나눠 갖는 수익구조는 시장 질서를 교란하는 등의 문제가 있다고 판단해 소송을 하게 됐다”고 말했다. 중개사협회의 이 같은 소송은 이번이 4번째다. 지난 2019년 첫 고발 때는 ‘증거 불충분’으로 불기소 처분됐고 이후 재차 고발했지만 ‘이유 없음’으로 기각됐으며 작년 10월에도 ‘불기소 처분’ 됐다. 당시 수원지방검찰청은 불기소이유통지문을 통해 “법인이 중개라는 명칭을 사용하는 경우 그 법인이 자격시험에 합격한 공인중개사라는 것이 아니라 중개업을 영위하기 위해 중개사무소 개설등록을 한 개업공인중개사를 뜻하는 것이므로 혐의 없음이 명백하다”고 적시했다. 앞서 다윈중개가 개그맨 서경석 씨를 광고모델로 기용하자 개업공인들이 서씨와 서씨가 진행하는 방송프로그램 제작진에 ‘광고중단’ ‘방송하차’ 등을 요구하며 집단 항의하는 일도 있었다. 결국 이 일로 서씨는 다윈중개 광고에서 중도 하차했다. 한편 다윈중개는 ‘집을 팔 때 중개보수 0원, 집을 구할 때 중개보수 반값’ 원칙을 내세우며 운영 중인 중개플랫폼이다. 작년에는 국토교통부의 중개보수 개편에 따라 현행 법정 수수료의 ‘반의 반값’만 받겠다는 정책을 펴기도 했다.강신우 (yeswhy@edaily.co.kr) ']"
4,eco,"['(서울=뉴스1) 신기림 기자 = 전세계 고물가, 고금리라는 새로운 시대에 직면하고 있다고 국제결제은행(BIS)의 아구스틴 카르스텐스 사무총장이 5일(현지시간) 경고했다. 서방과 러시아, 중국 사이 관계가 악화하고 신종 코로나바이러스 감염증(코로나19) 끝나가면서 세계화가 후퇴하고 있다는 설명이다.글로벌 에너지와 식품 가격 급등으로 선진국 경제의 60%에서 전년비 인플레이션은 5%를 넘겼다. 이 같은 비중은 1980년대 이후 최고다. 선진경제의 절반 이상이 인플레이션이 7%를 웃돌았다. 미국, 영국 등 주요 선진국들은 사상 최저의 금리를 이제 막 올리기 시작했다. 하지만 경제의 기저 구조가 변한 것으로 판단된다면 금리 인상 속도는 가팔라질 수 있다. 카르스텐스 BIS 총장은 ""새로운 인플레이션 시대라는 문턱에 있을지도 모른다는 것이 중요하다""고 말했다. 그는 ""인플레이션 환경이 구조적으로 바뀌고 있을 가능성을 열어 둬야 한다""며 ""내 이론이 맞다면 중앙은행들은 (변한 환경에) 조정해야 할 것""이라고 지적했다. 카르스텐스 총장이 언급한 이론은 우크라이나에서 전쟁으로 인해 에너지부터 원자재, 식품까지 가격의 반등세가 증폭되는 것이다. 또 공급망은 무역전쟁과 코로나19로 훼손됐고 생활비 인상으로 노동자들은 임금인상을 요구하고 있다. 게다가 소비자부터 기업, 금융시장까지 인플레이션이 얼마나 고공행진할 지에 대한 기대감이 ""불안정하다""는 신호도 있다. 카르스텐스 총장이 언급한 전문가 전망에 따르면 앞으로 2년 동안 인플레이션은 미국과 대부분 유럽에서 4.5%, 다른 많은 선진국에서 3.5%을 모두 넘길 것으로 예상됐다. 인플레이션이 통제불능 상황으로 치솟는 것을 막기 위해 정책 입안자들이 ""사고방식""을 빠르게 전환해야 한다고 카르스텐스 총장은 강조했다. 세계 경제는 1970년대 이후 폭발적 물가상승을 경험한 적이 거의 없다. 카르스텐스 총장은 ""한동안 수요를 완만하게 낮추기 위해 실질금리를 중립 수준 이상으로 올려야 할 것""이라며 대중의 지지를 얻지는 못할 만한 정책이라고 말했다.하지만 ""중앙은행들은 이전에도 유사한 경험을 한 적이 있다""며 ""경제활동과 고용이라는 측면에서 단기적 비용은 앞으로 더 많은 비용을 쓰는 일을 피하기 위해 지불해야 하는 가격이라는 것을 중앙은행들은 충분히 인지하고 있다""고 그는 설명했다. 그러면서 카르스텐스 총장은 정부들이 인플레이션 혹은 금리인상을 상쇄하려는 유혹을 이겨낼 것을 촉구했다. 그는 ""더 높은 수준의 지속가능한 성장은 확장적 재정 혹은 통화정책으로 이뤄낼 수 없다""며 ""오늘날 마주한 경제 문제 대부분은 지난 10년 넘는 기간 동안 공급측면 정책을 무시했기 떄문""이라고 덧붙였다.shinkirim@news1.kr ']"
5,eco,"['YTN라디오(FM 94.5) [YTN\xa0뉴스FM\xa0슬기로운 라디오생활] □\xa0방송일시\xa0: 2022년\xa04월 6일 (수요일) □\xa0진행\xa0:\xa0이현웅 아나운서 □\xa0출연\xa0: 박합수 건국대 부동산대학원 겸임교수 *\xa0아래 텍스트는 실제 방송 내용과 차이가 있을 수 있으니 보다 정확한 내용은 방송으로 확인하시기 바랍니다. ◇\xa0이현웅 아나운서(이하 이현웅): 슬기로운 라디오생활, 2부는 이슈인터뷰 시간으로 준비했습니다. 대통령 선거 직후, 서울 아파트의 평균 집값이 급등했다는데요. 부동산 시장에 어떤 신호를 주는 건지. 건국대 부동산대학원 박합수 겸임교수 연결해 이야기 나눠보겠습니다. 교수님 안녕하세요? ◆ 박합수 건국대 부동산대학원 겸임교수(이하 박합수): 안녕하세요. ◇\xa0이현웅: 정점을 찍었다는 평가를 받다가 또 대통령 선거 직후에는 알 수 없다. 여러 가지 평가들이 나오던데 지금 움직임이 어떻습니까. ◆ 박합수: 자료는 더불어민주당 김회재 의원이 대선 직후인 3월 10일부터 28일까지 서울 아파트 거래 현황 자료에 신고가를 경신한 것이 전체 거래가 149건인데요. ◇\xa0이현웅: 서울 기준인 거죠. ◆ 박합수: 서울 아파트 거래 입니다. 149건 중에 46건이 대략 31% 정도 되는데 신고가를 갱신한 게 30% 정도에 이른다. 이런 얘기가 되고요. 그 중에 상위 10개 아파트는 6억 8천만 원 정도 올랐다는 거고 상위 10개 중에 6군데는 강남에 있는 재건축 아파트다 이런 얘기가 되겠습니다. ◇\xa0이현웅: 지금 거래가 그나마 되고 또 신고가를 기록하는 곳들은 대부분 강남 3구 이런 쪽에 몰려 있습니까. ◆ 박합수: 우선 재건축 아파트에 기대감이 작용하면서 재건축에 올라있다고 봐야 될 것 같습니다. ◇\xa0이현웅: 다른 서울 일반 집값들의 거래도 활발한가요. ◆ 박합수: 전체적으로 보면 아직 그렇게까지 활성화되지는 않은 상태라고 볼 수 있고 우선 전반적으로는 시장에 대한 새 정부의 부동산 공약 이런 기대감이 커지고 있으면서 일부 매수 심리를 100을 기준으로 해서 지역별로 다르기는 합니다만 일정 부분 회복하는 양상이라고 볼 수 있습니다. ◇\xa0이현웅: 일부에서는 아파트 집값의 오르내림세가 양극화되고 있다. 이런 평가도 하더라고요. ◆ 박합수: 그렇습니다. 어차피 재건축이나 재개발 전면적인 규제 완화에 대한 수혜가 있는 지역들 위주로는 기대감이 커지고 있고 그렇지 않은 일반 아파트들은 여전히 그냥 보합세라고 보시면 될 것 같습니다. ◇\xa0이현웅: 서울 말고 다른 지역들은 어떤가요. ◆ 박합수: 전반적으로 수도권에서는 분당, 일산, 평촌, 중동 산본 같은 1기 신도시가 똑같이 재건축, 리모델링 기대감이 맞물리면서 전체적으로 가격이 상승하는 모양새를 보이고 있고요. 그리고 5개 광역시 중에서는 입주 물량 부담이 커지고 있는 대구나 대전 같은 데는 약보합세입니다. 나머지는 소폭 상승하고 있고 기타 지방 중에서는 강원도나 전북, 경상남도 등을 중심으로는 소폭 상승세를 유지하고 있는 상황입니다. ◇\xa0이현웅: 그렇게 막 하향세를 그리고 있는 상황은 아니네요. 전국적으로. ◆ 박합수: 전반적으로는 약간 강보합 추세라고 보는 게 맞을 것 같습니다. ◇\xa0이현웅: 대통령 집무실 이전 관련해서 용산 쪽 부동산도 상승 거래 이어진다는데 어떻게 되고 있나요. ◆ 박합수: 용산이라는 자체는 대통령 집무실 이전이 아니더라도 서울의 중심 지역이기 때문에 특히 미군 이전과 함께 집중 개발이 예고된 지역입니다. 우리가 너무나 잘 아는 한남뉴타운이라든가 이촌동 재건축 지역, 한강로 일대 재개발 사업이 집중적으로 추진 중에 있고요. 여기에 서울역 뒤편부터 서계, 청파, 원효로 국제 업무직으로 이어지는 용산의 마지막 개발축까지 시작되는 용트림이 시작되는 지역입니다. 여기에 집무실이 이전하면서 주변의 개발 사업의 속도가 더 빨라질 거라는 기대가 가미되면서 전체적인 분위기가 올라가고 있는 상황이라고 할 수 있습니다. ◇\xa0이현웅: 기존에 청와대에 있는 곳도 개방되면서 기대감 때문인지 아파트 가격 오르고 있다. 이런 얘기 있던데 그것도 맞나요. ◆ 박합수: 종로 같은 도심 지역은 전체적으로 두 가지 양상입니다. 도심도 재개발이라는 측면에서 전체적으로 활성화가 예상이 되고 또한 세운 지구라든가 서울시에서 추진하는 사업들이 점차 확대될 수 있고 시장이 전체적으로 보면 도심의 집중력이 강화되는 모양새이기 때문에 장기적으로도 종로는 조금 더 부각이 될 것으로 보여 집니다. ◇\xa0이현웅: 이번에 새 정부 인수위 꾸려졌고 곧 출범을 할 텐데 다주택자에 대해서 1년 동안 양도세 중과를 한시적으로 배제해 주겠다는 계획을 밝혔습니다. 안정을 줄 것이라는 전망도 있고 반면에 앞으로 다주택자 추가 완화에 대한 기대 때문에 오히려 매물이 잠길 것이다. 이런 얘기도 있던데 어떻게 보고 계신가요. ◆ 박합수: 우선 다주택자의 매물은 일부 나올 것으로 예상이 됩니다. 왜냐하면 올해 보유세를 부담하지 않기 위해서 5월 말까지 매도를 하게 되면 올해 6월 1일 기준으로 납부 기준일이니까 제외될 수 있습니다. 그런데 물리적으로 두 달도 채 안 남은 시간이기 때문에 쉽지는 않은 상황입니다. 매물이 많이 나온다면 시장의 가격 하향 안정으로 이어질 개연성은 크다고 할 수 있습니다. 미리 실시했으면 상당 부분 지금 이 시점에서 혜택이 있었을 것으로 보여 집니다. 5월 말까지 팔아야 되니까요. 일단 지금이라도 늦었지만 매물이 조금 더 나올 것으로 보여 지는데 강남이나 재건축 중심의 알짜 물건들은 나올 확률이 생각보다 크지 않습니다. 그런 다주택자들은 오히려 보유하면서 자녀들에게 증여하거나 새로운 기회를 맞을 상황이기 때문에 조금 더 보유할 확률이 높고요. 외곽 지역을 중심으로는 매물이 늘어날 여지가 있지 않겠나 생각이 들어서 이렇게 되면 매수 의지가 지금 당장은 크지 않기 때문에 전체적으로 급매물이 나온다면 하향 안정에 어느 정도 영향은 있을 것으로 봅니다. ◇\xa0이현웅: 지금 밝히고 있는 게 5월부터 1년 동안이 아니고 이번 5월까지인 건가요? ◆ 박합수: 아닙니다. 5월을 포함해서 1년이니까 내년 4월 이 정도까지라고 보시면 되죠. 그런데 5월 말을 말씀드린 것은 6월 1일 현재 보유자가 올해 분 재산세나 종합부동산세를 내야 하는 납부 대상입니다. 이걸 회피하려면 5월 말까지 팔아야 한다는 거죠. ◇\xa0이현웅: 보유세 완화 방침 같은 것들도 얘기가 좀 되는 거 아닙니까. ◆ 박합수: 양도세도 유예를 하고 보유세도 완화를 하게 되면 다주택자가 마음이 바뀌면서 보유 쪽을 택할 수 있는 우려도 있습니다. 그래서 이런 시차에 대한 정책적인 조율은 반드시 필요할 것 같습니다. ◇\xa0이현웅: 그런 게 좀 더 세부적으로 면밀히 다뤄져야 할 것 같다는 생각이 들고 요즘에 워낙 심리 싸움도 많더라고요. ◆ 박합수: 그렇습니다. ◇\xa0이현웅: 최근에 보니까 서울에서 초고가 전세와 월세 계약이 체결됐다는 보도도 전해졌어요. 전세가 75억이었고 보증금 4억에 월세가 4천이던데 이런 것들은 일반적인 거래는 아닌 건가요. ◆ 박합수: 저도 이 기사에 인터뷰를 했었습니다만 어디까지나 초부유층 거래에 초고가 주택에 한해서 나타나는 현상이고요. 이런 아파트들은 매매가격이 한 100억 정도에 상당하는 것이기 때문에 일반적인 시장 가격과는 거리가 있는 토픽감 정도의 수준이어서 단순 참고라고 보시면 될 것 같습니다. ◇\xa0이현웅: 실제로 이 정도 가격이 아니고 나머지 전월세는 지금 어느 정도 움직이고 있습니까. ◆ 박합수: 전세시장은 매매시장과 연동해서 가는 상황입니다. 그렇기 때문에 매매시장이 어느 정도는 안정돼 있어서 전세시장도 같이 동반해서 일정 부분 안정세라고 볼 수 있을 것 같고요 하지만 지금 매입을 보류하는 수요 집값이 너무 비싸다든가 대출 규제 금리 이런 것으로 인해서 보류하거나 청약을 위해서 대기하는 전세 수요들이 일정 부분 지속되면서 전세가격은 그렇게 떨어질 기미는 크지 않은 상황이라고 할 수 있고 특히 8월에 계약갱신청권이 2년 행사한 것이 만료가 돌아오면서 그 이후에 그렇게 해당되는 전세가격이 주변 시세로 상승할 것이라는 우려들도 있기 때문에 전체적으로 시장 자체에서 전세가격이 올라갈 것이라는 우려가 제기되고 있는 상황이라고 말씀을 드릴 수가 있겠고요. 그런 만큼 매매 시장 안정에 조금 더 주력을 해야 할 필요가 있다고 보여 집니다. ◇\xa0이현웅: 임대차 3법 관련해서도 폐지나 축소를 검토하겠다고 방침을 밝혔는데 그러면 어떻게 영향을 주게 될까요. ◆ 박합수: 임대차 3법 중을 조금 더 명확하게 말할 필요가 있는데 세 가지입니다. 계약갱신청구권, 전월세 상한제, 전월세 신고제. 전월세 신고제는 실거래가 신고제처럼 30일 안에 실제 거래가액을 신고해야 하는 제도라고 볼 수가 있어서 이거는 투명한 사회나 아니면 주변 시세 정보를 파악하는 알 권리 차원에서 제도는 실시되는 게 오히려 마땅한 거고요. 결국은 계약갱신청구권입니다. 전월세 상한제조차도 신규에는 적용이 되지 않는 갱신 청구권에 딸린 부수 조항이라고 볼 수가 있어서 계약갱신청권을 당장 폐지하게 되면 전체적으로 부작용이 우려가 되는 상황입니다. 8월부터 도래한다고 말씀을 드렸는데 8월부터 순차적으로 도래하는 것만 주변 시설로 올라가게 되는데 그런 건들만 올라갈 수 있지 않습니까. 그런데 이거를 일순간 폐지를 하게 되면 4년이 경과가 아니라 2년이 경과된 전세 계약건도 한꺼번에 올릴 수 있는 우려가 있는 겁니다. 가령 20년도 12월에 계약을 신규로 했다고 하면 2년이 되는 게 22년 12월 올해 12월이잖아요. 그런데 12월에 바로 5%를 올리는 게 아니라 2년간 오른 것을 반영해서 시세대로 오를 수 있는 거죠. 그만큼 집주인들이 일순간 다 올릴 수 있는 우려가 잠재돼 있다고 보게 되면 이 제도가 어느 정도 일정한 룰에 의해서 진행이 되고 있는 것이기 때문에 당장 폐지보다는 전체적인 연착륙을 시도하면서 제도 개선을 해야 되지 않겠나 생각됩니다. ◇\xa0이현웅: 지금 은행들이 주담대 금리 인하라든가 아니면 대출을 많이 내주고 있는 상황인데 앞으로 부동산 시장 좀 더 활성화될 가능성도 있습니까. ◆ 박합수: 며칠 전에 주담대 금리가 4%에 육박했다는 보도도 있었습니다. 대출금리는 지난해 8월, 11월, 올해 1월 기준금리가 0.75% 3번 오르면서 대출금리가 한 1.5% 포인트가 올랐어요. 이건 은행 중에서 가산금리 반영이나 우대금리 축소를 통해서 상당 부분 선반영 된 측면이 있기 때문에 금리가 정상적으로 되돌아가야 하는 명분도 있다고 보여 집니다. 현재는 대출 규제와 금리 인상에 영향이 컸기 때문에 이번에 금리 인하가 매수자의 매수 의지 회복에 도움은 될 것으로 보여 집니다. 하지만 전체적으로 시장이 너무 많이 올라 있기 때문에 단기 급등에 따른 부담감이 여전하고요. 대출 규제는 이 또한 여전히 유지되고 있는 것이기 때문에 전반적으로 구매력이 축소된 상태입니다. 금리가 다소 인하는 되더라도 전체적인 매수 시장 활성화 연결되기에는 좀 이른 측면이 있지 않나 생각됩니다. ◇\xa0이현웅: 3363님께서도 질문 주시는데 집을 전세로든 매매로든 필요한 경우들도 있잖아요. 이런 경우 지금 어떻게 해야 됩니까 좀 더 관망을 해야 되는 건가요. ◆ 박합수: 무주택자, 실수요자의 매수는 어떻게 할 것인가로 질문이 보여 지기는 하는데요. 실수요자의 매수는 단기 급등했고 대출 규제되고 금리도 어느 정도 또 부담되기 때문에 자금 상환 능력이 갖춰졌다면 지금 상태에서는 관심 있게 바라는 봐야 한다고 생각됩니다. 무작정 기다리기보다는 본인의 관심 지역 위주로 매수를 비중을 60, 70% 정도 두고 봐야 되지 않겠나 생각됩니다. ◇\xa0이현웅: 직장이든 이런 거랑 가까우면 좋겠지만 만약 집값을 좀 고려를 한다면 수도권 특히나 경기도 등 어디를 주목하면 좋겠습니까. ◆ 박합수: 1기 신도시 중에서 관심 있게 봐야 할 지역이 있는데 분당이나 평촌 같은 데는 좋기는 합니다만 가격이 너무 부담되고 일산 같은 지역의 투입은 충분히 의미가 있다고 보여 집니다. 분당과 일산이 같이 출발했지만 지금은 시세는 거의 반값이거든요. 그렇게 본다면 gtx가 개통되면 강남 접근성이 20분 만에 획기적으로 개선되는 측면도 있기 때문에 일산 지역에 대한 것도 검토가 필요하고 부천 중동신도시도 gtx 통해서 여의도까지 10분 정도면 올 수 있는 전반적인 교통 개선 효과가 있기 때문에 서울에 접한 1기 신도시 개발이 기대되는 지역들에 대한 관심은 여전히 유효하다 볼 수가 있고요. 그리고 굳이 더 표현한다면 광명이나 이런 지역들 광명이나 구리 같은 데는 내년이면 지하철 8호선이 개통되면서 광명도 마찬가지입니다. 서울에 26번째 구로 격상되는 의미가 있기 때문에 접근성이 좋은 지역들에 대한 관심이 필요합니다. 성남 원도심 수정 중원구의 8호선 라인에 대한 관심도 유지해야 됩니다. ◇\xa0이현웅: 오늘은 여기까지 듣겠습니다. YTN 이은지 (yinzhi@ytnradio.kr)']"
6,eco,"['‘집무실이전’삼각지 가보니… 집주인들 매물 회수세 여전 상인은 젠트리피케이션 걱정글·사진=황혜진 기자“추가 규제는 없다고 하는데 글쎄요, 어떻게 믿나요.”정부가 6일 국무회의에서 새 정부의 대통령 집무실 이전 관련 예비비를 승인한 가운데 대통령 집무실이 들어서는 서울 용산구 국방부 인근 주민들은 불안함을 감추지 못한 표정이었다. “추가 규제는 없을 것”이라는 윤석열 대통령 당선인과 오세훈 서울시장의 설명에도 불구, 자칫 개발 진행 과정에 제동이 걸릴 수 있다고 우려했다.5일 찾은 서울 지하철 4호선 삼각지역 A 부동산 관계자는 “지난달 20일 대통령 집무실 이전 얘기가 나왔을 때는 집주인들이 매물을 거둬들이고 매수 문의가 늘었다”면서도 “지금은 이전과 크게 다르지 않은 상황”이라고 말했다. 삼각지역 인근 주민들은 대통령 집무실 이전을 호재보다 변수로 인식하는 분위기가 강했다. 용산공원과 국제업무지구 조성에 속도가 날 수 있지만 당장은 큰 이득이 없다는 게 대체적인 평가다. 경호, 안보 문제로 고도제한이 생겨 주민 재산권 행사가 제한되거나 개발 진행이 늦어질 수 있다는 지적도 나온다. 국방부 청사 정문에서 200여m 떨어진 삼각맨션(130가구 규모)과 한강로1가 특별계획구역에서는 30층 이상의 주상복합 개발 사업이 진행되고 있다. 인근 B 부동산 관계자는 “정비사업지 용적률이 수정되거나 심의 과정이 지연되면 그때마다 대통령을 탓할 수도 있다”고 했다. 교통 체증과 집회·시위 증가에 대한 우려도 컸다.대통령 집무실 부지에서 도보 10~15분 거리에 조성된 ‘용리단길’ 상인들도 기대보다는 걱정하는 반응이었다. 커피전문점을 운영하는 한 상인은 “유동인구가 늘어나 당장은 좋을 수 있는데 임대료 상승으로 내쫓기는 거 아닌가 싶다”고 말했다. 반면 용산구 이촌동과 종로구 일대는 집무실 이전을 반겼다. 국방부와 거리가 떨어져 직접적인 규제 대상이 될 가능성이 작고, 용산공원과 용산국제업무지구 개발 사업에 속도가 붙으면 지역 부동산 시장에 호재로 작용할 것으로 보고 있다. 개발 기대감에 지난주 용산구 아파트 가격(한국부동산원 기준)은 9주 만에 상승 전환했고 종로구도 하락세를 멈추고 보합을 기록했다.']"
7,eco,"['MG손보 부실 여파… KDB생명 매각도 ‘빨간불’실적 개선위해 공적자금 투입 3차례 매각 시도 번번이 무산 JC파트너스와 지분매각 계약 금융당국, 자금조달 능력 의심 대주주 적격심사 이례적 지연“KDB생명은 애당초 인수하지 말았어야 하는 회사였다.”이동걸 KDB산업은행 회장이 지난 2018년 10월 22일 국정감사에서 KDB생명의 조속한 매각을 강조하는 취지에서 답변한 말이다. 이후 KDB생명은 산은 또는 이 회장의 가장 아픈 손가락으로 불렸다. 산은은 2010년 당시 구조조정을 진행하고 있던 금호그룹을 지원하기 위해 금호생명을 인수한 뒤 KDB생명으로 이름을 바꿨다. 자금 투여 등을 통해 실적을 개선하고 2014~2016년 세 차례에 걸쳐 매각에 나섰으나 인수 가격 차가 커 번번이 실패했다. 결국 이 회장 눈에 들어온 곳이 기관전용 사모펀드(PEF) 운용회사 JC파트너스였다. 협상은 일사천리로 진행됐고 2020년 마지막 날 산은과 JC파트너스는 주식매매계약(SPA)을 체결했다. JC파트너스로부터 2000억 원을 받고 KDB생명 지분 92.73%를 넘기는 게 주요 내용이었다.산은은 금호생명 인수 과정에서 칸서스자산운용과 공동 출자해 PEF를 설립한 뒤 4800억 원을 투입했고 추가로 6700억 원을 공급했다. 모두 1조1500억 원이다. KDB생명을 살리는 데 공적 자금만 1조 원 넘게 들어간 셈이다. 금융권에선 너무 헐값에 넘기는 것 아니냐는 비난의 목소리가 따가웠지만 산은은 눈 하나 깜짝하지 않았다. 문제는 금융당국의 판단 유보로 매각이 마무리되지 못하고 있다는 점이다. JC파트너스가 2021년 6월 금융위에 신청했던 대주주 적격 심사는 6일 현재까지 승인을 받지 못하고 있다. 대주주 적격심사란 신규 인수자가 해당 금융사의 자본 건전성을 유지하면서 운영할 수 있는지를 판단하는 절차다. 통상 2개월 정도 소요된다는 점을 고려할 때 이번 건은 이례적이다. 금융권에선 금융당국이 JC파트너스의 자금 조달 능력을 의심하고 있기 때문이라고 본다. 이런 상황에서 지난달 30일 금융위의 MG손해보험 경영개선계획 불승인 결정은 불에 기름을 붓는 격이었다. 금융권에선 이 회장의 조급증이 이런 사태를 초래한 것 아니냐는 의견이 많다. 보험업계 고위 관계자는 “너무 서둘다 보니 매매 가격을 정하는 데 문제가 있었다고 본다”며 “만일 매각이 불발되면 이 회장에게 책임이 돌아갈 수밖에 없다”고 말했다.대우조선해양의 ‘알박기 논란’과 관련해서도 산은 책임론이 수그러들지 않고 있다. 산은이 박두선 대우조선해양 사장 임명과 관련한 이사회 일정과 후보자 추천 과정에 개입했다는 주장은 사실이 아니라고 해명한 데 대해 이주환 국민의힘 의원은 “대주주인 산은이 일개 인력 전문회사에만 인물 추천을 맡겼을 것인가에 강한 의구심을 가질 수밖에 없다”고 반박했다. 산은이 이 의원실에 제출한 자료에 따르면 대우조선해양 대표 추천을 위탁받은 인력 전문회사는 글로벌기업이지만 산은이 대주주로 있는 HMM 대표를 추천하는 등 산은과 많은 일을 한 기업이다. 유회경·임대환 기자']"
8,eco,"['인건비·임대료·농산물 ‘급등’ 식음료 기업들 가격 인상 조짐서울 마포구에 거주하는 직장인 유모 씨는 5일 코로나19 확진 후 자택 격리 기간 중 김밥을 시켜먹기 위해 배달 앱을 켰다가 깜짝 놀랐다고 토로했다. 4000원짜리 기본 김밥 2줄을 주문하고 배달비 4800원을 더하니 내야 할 밥값이 1만2800원에 달했기 때문이다. 유 씨는 6일 “그나마도 김밥은 저렴한 편이었고, 대부분 음식이 1만5000원을 훌쩍 넘었다”며 “배달 음식을 포기하고 라면으로 대체했다”고 말했다. 유 씨가 주문을 포기했던 마포구의 한 김밥집 업주 박모 씨는 “배달비와 수수료는 물론이고 임대료에 인건비, 당장 식용유에 채소 가격까지 다 올라 4000원에 김밥 한 줄 팔아봤자 남는 게 없다”고 분통을 터뜨렸다.배달비 등 각종 인건비에 임대료, 수입 농산물은 물론 축산·수산물까지 국내 물가의 고삐가 완전히 풀려 고공행진을 거듭하고 있다. 5일 통계청의 지난달 소비자물가 발표를 보면 4.1% 상승해 10년 3개월 만에 최대치로 치솟았다. 외식 물가는 1998년 외환위기 이후 24년 만에 가장 큰 폭으로 상승했다. 가공식품 물가도 10년 만에 최대 상승률을 보였다.이로 인해 연초부터 대부분 10% 안팎의 가격 인상을 결정했던 식음료 기업들의 경우 재차 가격 카드를 꺼내들고 있다. 전 세계적인 원재료·원자재 가격 상승 추세가 멈추지 않음에 따라 가격 인상 외에는 별 대응수단이 없다는 입장이다.러시아와 우크라이나가 밀·옥수수 등 국제 곡물 자원 수출에서도 상당한 비중을 차지하면서 식음료와 전반적인 물가 상승은 올해 상반기 내내 이어질 것이란 분석이 나오고 있다.식품업계 관계자는 “한 기업에서 앞장서서 가격을 올리면 또다시 연쇄적인 가격 인상이 단행될 분위기”라고 말했다. 관련 업계에 따르면 4일 이후에만 서울우유·남양유업의 치즈 제품, 이케아 가구, 디아지오코리아의 조니워커 위스키, CGV 영화관람료 등 10여 개 업체가 7~25% 안팎의 가격 인상을 단행했거나 예고했다. 이희권 기자 leeheken@munhwa.com']"
9,eco,"['“1187만대 덜 팔고 78조7천억원 더 벌었다.”전 세계 대표 완성차 업체들 이야기다. 2019년과 2021년 실적(영업이익)을 비교한 결과다. 지난해 판매량이 코로나19 대유행 이전의 성적에 크게 못 미쳤는데도 불구하고 큰 돈을 벌었다. 반도체 수급난과 원자재 가격 상승 등으로 차값이 크게 오른 결과다.6일 한국자동차연구원이 판매량 기준 1~11위 완성차 업체들의 실적을 분석한 결과, 이들 업체의 2021년 판매량은 6250만6천대, 영업이익은 1581억2800만달러(약 192조6789억원)로 집계됐다. 분석 대상 업체들의 판매량과 영업이익을 합친 수치다. 전년에 비해 판매량은 31만3천대, 영업이익은 985억6400만달러 늘었다.2019년과 비교하면 1187만1천대가 덜 팔렸는데도 영업이익은 646억800만달러(약 78조7377억원) 늘었다. 업체별로 따져봐도 경향성이 뚜렷했다. 모든 업체의 판매량이 줄었지만, 영업이익이 줄어든 회사는 9위에 오른 일본 스즈키 뿐이었다. 도요타, 폴크스바겐, 현대차그룹 등 나머지 10개 업체 모두 판매량 감소에도 영업이익은 증가했다.자동차 가격 상승이 배경으로 꼽힌다. 원인은 복합적이다. 먼저 강판, 알루미늄, 구리 등 차 생산에 투입되는 원자재 가격이 상승하면서 차값을 끌어올리고 있다. 되살아난 자동차 구매 수요와 비교해 공급이 부족한 점도 한몫 한다. 2020년 말 불거진 차량용 반도체 수급난이 여전히 이어지고 있고, 중국의 코로나19 확산 방지를 위한 봉쇄와 우크라이나 전쟁 등으로 전 세계 공급망이 붕괴하면서다.오민규 노동문제연구소 연구실장은 “한마디로 돈벼락을 맞았다고 볼 수 있다. 반도체 수급 부족 사태는 생산과 공급 측면에서 위기를 불러왔지만, 신차를 사려면 몇 개월을 기다려야 할 정도로 긴 수요자 대열을 만들어내면서 차량 가격 상승과 자동차 업체 수익 증가로 이어졌다”고 말했다. 현대차의 경우, 지난해 국내서 판매한 승용차 평균 가격은 4759만원으로, 1년 전 4183만원에 견줘 13.8% 뛰었다.고급차, 픽업트럭, 중대형 스포츠유틸리티(SUV), 전기차 등 부가가치가 높은 차량 판매 비중이 늘어난 점도 영향을 미쳤다. 벤츠의 경우, 지난해 고급차와 밴 매출이 전체 판매량의 80%를 차지했다. 국내 시장에서도 지난해 판매량은 최근 5년 중 가장 낮은 수준에 머물렀지만, 수입차·대형SUV·전기차 판매량은 되레 2.3%, 5.4%, 43.1%씩 늘었다. 양재완 한국자동차연구원 선임연구원은 “자동차 구매 시장에서 양극화 현상이 생기고 있는 것으로 보인다. 구매력이 있는 중산층 이상에서 한 등급 높은 프리미엄 자동차를 많이 구매하고 있다”고 말했다.다만, 올해도 지난해와 같은 수익성이 유지될지는 물음표다. 반도체 수급난이 장기화하면서 차 가격이 높은 수준에 머무를 가능성이 크지만, 판매량이 뚝 떨어질 수도 있어서다. 반도체 및 차 부품을 원활히 수급하지 못하면 차량 인도 지연 문제가 개선되기 어렵게 된다. 양 선임연구원은 공급망 관리가 올해 완성차 업체 간 실적을 가르는 조건이 될 것으로 내다봤다. 그는 일본 도요타를 예로 들며 “도요타는 10년 전 쓰나미가 일어났을 때 공급망을 철저하게 관리해야 한다는 교훈을 얻었다. 코로나19 상황에서도 생산 차질을 최소화한 덕에 미국에서 지엠(GM)을 제치고 처음으로 1위를 달성했다”고 말했다.안태호 기자 eco@hani.co.kr']"
10,pol,"[' [이데일리 김보겸 기자] 대표적 친박(친박근혜) 정치인이자 오는 6월 지방선거에서 전라남도 도지사 출마를 선언한 이정현 전 새누리당 대표가 “이번 지선만큼은 박 전 대통령이나 윤석열 당선인, 중앙당 등 외부 도움을 요청하지 않을 것”이라고 했다. ‘이준석 대표에게 올바른 정책 대결을 위해서라도 전남에 오지 말라는 말을 했다’는 진행자의 질문에 이 전 대표는 “가급적이면 정치적인 선거를 치르고 싶지 않았다”고 했다. 그는 “1995년부터 전남에서는 5명의 도지사가 9차례 특정 정당에서 쭉 해왔다. 전남 발전의 장기적 비전을 보고 준비하는 게 아니라 정치적으로 항상 멈춰 왔다”며 “이준석뿐 아니라 중앙당 차원에서 정치적으로 대결을 벌인 선거를 27년만에 중단하고 지역민에게 이득을 줄 준비가 돼 있는 사람들끼리 정책대결을 해 보자는 의미”라고 설명했다. 이 전 대표는 순천·곡성에서 두 번 출마해 호남 출신 보수당 정치인으로 재선 경험이 있다. 지난 2007년 대선 경선에서는 박근혜 캠프 공보를, 2012년에는 박근혜 대선 캠프 공보단장 등을 맡으며 지근거리에서 보좌했다. 청와대 홍보수석이던 2014년 4월에는 KBS 김시곤 보도국장에게 세월호 참사 정부 비판보도를 빼라며 보도에 개입한 혐의로 벌금형이 확정됐다. 국민의힘은 6일 광역단체장 출마자 공천 신청을 마무리한다.김보겸 (kimkija@edaily.co.kr) ']"
11,pol,"['(강릉=연합뉴스) 유형재 기자 = 강원 강릉시의회가 시정개선 제안 발언이나 시정문제 규명에 매우 약해 시정통제 기능이 제대로 이뤄지지 않은 것으로 드러났다. 강릉경실련이 제11대 강릉시의회 행정사무감사 회의록(2018∼2021년)을 분석해 강릉시의회 의정을 평가한 결과이다.6일 분석 결과에 따르면 시정개선 제안 발언과 시정문제 규명의 경우 4년 전체 매우 약함(10등급)으로, 비합리적 발언은 매우 강한(1등급) 것으로 나타났다.이는 의회의 전문적인 지식과 논리적·체계적인 조사·분석 능력이 부족해 나타난 것으로, 의회의 시정통제기능이 제대로 이루어지지 않았음을 보여주는 것이라고 경실련은 평가했다.공무원들의 의회에 대한 답변도 능동적·진취적 답변이 매우 약했고, 비합리적 답변은 매우 강했다.특히 의원 발언의 질적 수준이 높을수록 공무원의 적극적·진취적인 답변을 끌어냈다. 공무원의 이러한 답변 태도는 보수주의, 무사안일주의, 자기방어적 관습 등 관료주의적 태도에서 비롯된 것으로 분석했다.경실련 관계자는 ""의원이 시정감시·견제 발언 이외의 발언을 한 경우에는 공무원은 수동적·의례적으로 답변하는 경향이 크다는 것을 알 수 있다""며 ""공무원의 무사안일주의적이고 자기방어적인 관료의식을 엿볼 수 있는 현상이라 하겠다""고 말했다.yoo21@yna.co.kr▶제보는 카톡 okjebo']"
12,pol,"['(서울=뉴스1) 한상희 기자,한재준 기자 = 50여일 앞으로 다가온 6·1 지방선거가 \'3·9 대선 2차전\' 양상으로 전개되고 있다. 국민의힘에선 윤석열 대통령 당선인의 측근 의원들이 거의 동시에 지방선거 출마 의사를 밝혔고, 더불어민주당 경기도지사 후보들은 치열한 이심(李心·이재명 민주당 상임고문의 의중)\' 경쟁을 벌이고 있다. 김은혜 국민의힘 의원은 6일 오전 국회에서 기자회견을 열어 ""대선승리는 국가 정상화의 시작일 뿐 이제 중앙정권교체를 지방정권교체로 이어가야 한다""며 경기도지사 선거에 출마한다고 선언했다.윤 당선인의 최측근 중 한 명으로 분류되는 김은혜 의원이 전날 돌연 당선인 대변인직에서 물러나자 김 의원의 경기도지사 출마에 \'윤심(尹心)\'이 반영된 것 아니냐는 관측이 나왔다. 같은 날(5일) 원내대표를 준비하던 김태흠 국민의힘 의원은 ""당 지도부로부터 충남도지사 출마 요청을 받고 당혹스럽고 고민스러웠다. 요청을 무겁게 받아들이고 그동안 준비해왔던 원내대표 출마를 접는다""고 밝혔다. 김태흠 의원은 조만간 충남지사 출마 선언을 할 것으로 보이는데, 윤 당선인이 직접 출마를 권유한 것으로 알려졌다. 대신 \'윤핵관(윤석열 핵심 관계자)\'의 맏형 격인 권성동 국민의힘 의원이 원내대표 경선 출마를 공식 발표했다. 권 의원은 전날 기자회견에서 ""당선인과의 인간적 신뢰 관계가 있고 대선 캠프라든가 인수위 구성에도 일정 역할을 한 제가 하는 것이 원활한 당정 관계를 위해서 도움이 될 거 같단 판단하에서 출마를 결심하게 됐다""고 밝혔다. 이에 지방선거 기간 원내 사항을 총괄할 차기 원내대표 경선에도 윤 당선인이 일정 부분 영향을 미쳤다는 분석이 제기된다. 다만 배현진 당선인 대변인은 이날 브리핑에서 \'윤심\' 논란과 관련, ""언론의 해석으로 생각하고 있다""며 ""(출마자) 본인들의 결단""이라고 일축했다. 특히 배 대변인은 ""윤 당선인이 출마하라고 말한 바는 없다고 생각하면 된다""고 덧붙였다.윤 당선인은 법적으로 당 공천에 개입할 수 없지만, 누구보다 이번 지방선거의 중요성을 인식하고 있다. 윤 당선인은 여소야대 상황에서 지방권력까지 또다시 열세에 놓이는 것을 걱정하고 있는 것으로 전해졌다. 민주당에서도 이 고문의 의중이 직·간접적으로 선거에 영향을 미치는 분위기다. 경기도지사 선거에 출사표를 던진 당 후보들은 이 고문과의 친분을 강조하며 \'이심 경쟁\'에 돌입했다. 민주당은 20대 대선에서 윤석열 대통령 당선인에게 0.73%포인트(p) 차로 석패한 만큼 지선에서도 \'이재명 마케팅\'이 유효하다고 판단하고 있다. 이 고문이 우세했던 경기도와 세종, 호남, 제주는 물론 윤 후보와 근소한 격차를 보인 충청권 및 대전 광역단체장 선거도 해볼 만 하다는 분석이다. 민주당 핵심관계자는 뉴스1과 통화에서 ""지선은 이 고문이 대선에서 이긴 지역이 주요 전략지가 될 것""이라며 ""충남, 충북, 대전도 작은 격차로 졌기 때문에 우리가 도전해 볼 수 있다고 보고 있다""고 말했다.특히 경기도의 경우는 이 고문이 도지사 시절 기반을 닦아놓은 곳이어서 민주당은 승리를 점치고 있다. 경기도지사 후보들 사이에 \'이심 경쟁\'이 치열한 이유다. 안민석 민주당 의원은 출마 선언 당시 경기지사 선거를 윤석열 정권과의 대결로 규정하며 이재명 지키기에 나서겠다고 했다. 오는 8월 전당대회에서 이 고문이 당 대표가 돼야 한다고도 언급했다.조정식 민주당 의원도 출마 기자회견에서 자신을 ""이 고문을 지켜왔고 앞으로 지켜갈 진짜 동지""라고 설명했고, 염태영 전 수원시장은 이 고문이 대선 공약으로 내 건 교통망 확보를 추진하겠다고 강조했다.안 의원과 조 의원은 자신의 지역구에 이 고문이 출마해야 한다는 주장을 내놓기도 했다. 민주당과 합당을 추진, 경기지사에 출마한 김동연 새로운물결 대표도 대선 당시 이 고문과 약속한 정치개혁을 앞세우며 경쟁전에 나섰다. 김 대표는 이날 라디오 인터뷰에서 ""이 고문이 전임 지사를 하면서 가장 많은 고민을 하면서 여러 정책을 만들었다""며 ""그 중에 많은 것들을 계승하고 더 발전하겠다""고 말했다.신율 명지대 정치외교학과 교수는 ""이번 선거에서 (국민의힘이) 이겨야 (윤 당선인이) 여소야대 정국을 돌파할 동력이 생긴다. 민주당 입장에서도 선거에서 승리해야 대선 후유증을 최소화할 수 있다""고 설명했다. 또한 신 교수는 ""윤 당선인의 뜻대로 출마한 사람들이 어떤 성적을 거두느냐도 중요하다. 이들의 성적이 좋지 않을 경우 (윤 당선인의) 당내 영향력이 약화될 가능성이 있다""고 했다. 그는 ""민주당의 경우 친이(친이재명)·친문(친문재인) 중 어느 (계파의) 영향력이 더 크냐에 따라서 (선거 후) 당내 파워가 바뀔 수 있다""고 분석했다.angela0204@news1.kr ']"
13,pol,"['지난 19대 대선 때 문재인 캠프에 몸담았다가, 최근 윤석열 국민의힘 대선 후보를 공개 지지 선언한 신평 변호사가 ""내 생각으로는 조국 전 법무부 장관이 그때 내 말에 따라 자숙의 자세를 보이며 장관 후보직에서 물러났더라면 지금 그는 우리 앞에 \'대통령 당선인\'으로 서있을 것이라고 본다""는 취지의 발언을 했다.6일 정치권에 따르면, 신평 변호사는 이날 자신의 페이스북에 \'조국 교수 일가의 수난을 바라보며\'라는 제하의 글을 통해 ""2019년 여름에 나는 당시 법무장관 후보자이던 조국 교수의 후보직 사태를 요구하는 글을 썼다. 이 글이 의외로 엄청난 반향을 일으켰다. 이것이 기폭제가 되어 소위 \'조국사태\'로 들불처럼 번졌다""면서 이같이 밝혔다.신 변호사는 ""나는 그러나 과거 2016년부터 3년 정도에 걸쳐 어느 집단 그리고 이에 힘을 빌려준 법원, 검찰의 조직적 가세로 큰 괴로움을 겪은 경험이 있다. 너무나 견디기 어려운 고통에 때때로 죽음까지 떠올렸다""며 ""그런데 조국 교수의 경우엔 본인은 말할 것도 없고, 부인은 지금 영어의 몸이 되었으며, 금쪽같은 딸이 의전원 입학 취소의 날벼락을 맞았다. 내 경험의 궤적을 따라 유추해보면, 지금 조 교수는 살아도 살지 않은 것이요, 한 인간이 겪을 수 있는 가장 큰 고통의 불 한가운데서 몸 전체가 타고 있는 셈""이라고 조국 전 법무부 장관의 현재 심경을 추측했다.그는 과거 조 전 장관이 자숙의 자세로 법무장관 후보직에서 물러났으면 \'대통령 당선인\'이 되어있을 것이라는 주장을 했다. 신 변호사는 이같은 추측을 내놓은 이유에 대해 ""당시의 정치지형이나 역학구도 등을 종합적으로 고려해서 하는 말""이라면서 ""윤석열 당선인은 물론 성공한 검찰총장으로 마감했을 가능성이 높고, 이재명 경기지사는 막강한 조직력을 갖춘 강성친문의 위세와 협박에 눌려 감히 대통령직 도전을 선언하지도 못했을 것""이라고 했다.해당 글에서 신 변호사는 방송인 김어준씨와 동조 세력 등에 대한 비판도 이어갔다. 그는 ""방송인 김어준씨는 조민씨의 입학 취소 결정을 보며 \'윤석열의 대권은 조민과 정경심 모녀의 등짝을 밟고 출발한 것이다\'라는 말을 한다. 어떤 면에서는 옳은 말이다. 조국사태가 없었다면 윤석열 당선인은 없다는데 전적으로 동의한다""면서 ""그러나 김씨처럼 나도 좀 비속한 표현을 쓰자면, 김씨는 조민과 정경심 모녀의 등짝을 밟은 대신에 그들의 등골을 빼먹었다는 말을 하고 싶다. 물론 김씨만이 아니다. 김씨와 함께 호흡을 맞춰온 사람들을 포괄해서 하는 말""이라고 날카롭게 대립각을 세웠다.이어 ""그들은 조국사태를 이용하여 한국사회를 거침없이 짓밟고 다녔다. 많은 돈을 벌어들였고, 국회의원 같은 공직도 누리며, 자신들의 엄청난 영향력 확대를 아낌없이 즐겼다""며 ""그들의 기록된 언동들에 대한 정밀한 심사를 한다면, 그들은 반헌법주의자이고, 반민주주의자들이다. 파시즘적 전체주의 사고에 푹 빠진 자들이다. 무엇보다 그들이 저지른 가장 큰 잘못은 언제까지 건 가파른 정국의 대치 상태를 만들어놓고, 이를 이용하여 자신들의 이득을 한껏 빨아올렸다는 점""이라고 직격했다.그러면서 ""새 정부 하에서 제발 국민이 나서서 그들 극단적 초강경파들을 제거할 수 있게 되기를 바란다""면서 ""그러고 난 연후에 통합의 정치가 펼쳐질 수 있고, 또 새로운 시대가 확연하게 우리 눈앞에 전개될 수 있을 것""이라고 밝혔다.또 신 변호사는 ""조국 교수 일가가 지금 겪고 있는 참상을 보며 나는 그의 선배로서 지극히 슬픈 심정으로 빠져든다""면서도 ""하지만 그가 왜 김어준류의 반헌법적, 반민주적 초강경파들과 동일한 집단을 이루어 결과적으로 우리 사회를 어지럽히는데 동조하였는지 의문""이라고 민주당 내 강경파 세력과 함께 했다는 취지의 주장도 했다.끝으로 그는 ""그가 처절한 개인적 수난을 당해 저 밑바닥으로 떨어졌을 때 그가 다시 올라올 수 있는 방법은 단 하나밖에 없다. 그것은 자신의 수난을 객관화시키며 정신적 승리로 승화시키는 내면적 성화(聖化)의 노력""이라며 ""하지만 당연하게도 그것은 절대 네오파시즘적 사고에서 출발하는 소위 검찰개혁 혹은 말도 안 되는 검수완박(검찰 수사권 완전 박탈), 그리고 인류가 쌓은 찬란한 언론 자유의 금자탑을 무너뜨리고자 하는 소위 언론개혁이 될 수는 없다. 아쉬운 일""이라고 뼈 있는 말을 덧붙였다.권준영기자 kjykjy@dt.co.kr']"
14,pol,"['(서울=뉴스1) 노민호 기자 = 내달 출범하는 새 정부에선 북한의 핵·미사일 도발 위협에 따른 한미 당국의 대응수위가 한층 더 높아질 전망이다.북한이 지난달 대륙간탄도미사일(ICBM) 시험발사 재개를 통해 이른바 \'레드라인\'(한계선)을 넘어선 상황에서 윤석열 대통령 당선인 측은 취임 전부터 미국과의 대북 공조 강화에 한껏 힘을 쏟는 모양새다.미국을 방문 중인 윤 당선인 측 한미정책협의대표단은 5일(현지시간) 백악관에서 제이크 설리번 국가안보보좌관을 만나 최근 한반도 정세에 대한 평가 등을 공유했다. 양측은 이번 면담에서 대북 확장억제 강화 방안 등을 협의했으며, 특히 미군 전략자산의 한반도 전개 문제에 대해서도 의견을 나눴다고 대표단장인 박진 국민의힘 의원이 전했다.대표단은 전날 웬디 셔먼 미 국무부 부장관과의 면담에서 북한 비핵화 문제와 관련해 \'완전하고 검증 가능하고 불가역적인 비핵화\'(CVID) 실현을 위해 노력한다는 데 공감한 것으로 알려졌다. 즉, 대표단의 이번 방미과정에서 북한 비핵화의 기본원칙과 구체적인 대응방안에 대한 협의가 이뤄졌단 얘기다.이와 관련 박 의원은 백악관 방문 뒤 특파원들과 만난 자리에서 ""(미군) 전략자산의 (한반도) 전개는 (대북) 확장억제 강화의 중요한 요소""라며 ""그런 차원에서 한미 간 협의를 했다""고 설명했다.북한은 지난달 24일 ICBM 시험발사를 4년여 만에 재개한 이후 현재 핵실험을 준비 중인 것으로 파악되고 있다. 북한이 제7차 핵실험을 감행할 경우 2018년 4월 김정은 조선노동당 총비서가 직접 선언했던 \'핵·ICBM 시험 모라토리엄(유예)\'는 전면 파기되는 것이다.특히 미국 측도 북한이 그동안 핵·미사일 기술을 고도화해온 것으로 평가하고 있는 상황. 이와 관련 마크 밀리 미군 합참의장은 이날 하원 군사위원회 청문회에 제출한 서면답변서에서 ""북한의 계속된 무기실험·개발은 인도·태평양 역내 동맹·우방국, 그리고 미 본토에도 실제 위협이 되고 있다""고 밝혔다.이에 따라 정부 안팎에선 윤 당선인 측이 이번 대표단 방미를 계기로 미국과 \'대북 공조\'의 기본원칙과 방향들을 확인한 만큼, 내달 10일 윤 당선인의 대통령 취임 이후 이를 보다 구체화하고 실행에 옮기기 위한 협의가 진행될 것으로 보고 있다.특히 윤 당선인이 공약한 \'한미연합 군사훈련 정상화\'와 더불어 대북 억제력 강화 차원에서 미군 원자력추진 항공모함과 잠수함, 폭격기 등 전략자산의 한반도 순환배치가 본격 추진될 것이란 전망이 나오고 있다.군 관계자는 ""이달 실시되는 올 전반기 한미연합지휘소훈련(CCPT)는 신종 코로나바이러스 감염증(코로나19) 유행상황 등을 고려해 작년 수준으로 진행될 가능성이 크다""면서도 ""후반기 훈련 혹은 그 전후로 2019년 이후 중단된 한미 연합전력의 대규모 실기동훈련(FTX)이 실시될 수 있다""고 전망했다.한미 군 당국은 북한이 ICBM 시험발사를 추가로 실시하거나 핵실험을 단행할 경우 그에 대응해 B-52, B-1B, B-2 등 미 공군 전략폭격기를 한반도 상공에 전개하는 등 무력시위를 벌이는 방안도 검토해온 것으로 알려져 있다.ntiger@news1.kr ']"
15,pol,"['(울산=연합뉴스) 김근주 기자 = 울산시 중구는 6일 병영 일대에서 3·1 만세운동 재현 행사를 열었다.참가자들은 이날 삼일사당에서 추모제를 올린 후 병영초등학교에서 출정식을 시작으로 103년 전 울려 퍼졌던 ""대한독립 만세""를 다시 외쳤다.코로나19 확산 방지를 위해 소규모로 열린 이번 행사에는 삼일봉제회 회원, 독립운동가 유족, 주민 등 200여 명이 참가해 병영초에서 병영오거리까지 태극기를 들고 행진했다.병영 3·1만세운동은 서울 3·1운동 소식을 전해 들은 병영청년회 회원들이 1919년 4월 4일 병영초등학교에서 축구공을 높이 차올리는 것을 신호로 대한독립 만세를 외치며 시작됐다.중구는 4월 한 달 동안 가상현실(메타버스)을 활용한 나라사랑 주민 노래 한마당, 거리 사진전, 기록극 제작 등 다양한 비대면 주민 참여 행사도 진행할 예정이다.박태완 중구청장은 ""애국지사들의 숭고한 정신을 잊지 않고 기억하며 이를 후세에 전할 수 있도록 노력하겠다""고 말했다.canto@yna.co.kr▶제보는 카톡 okjebo']"
16,pol,"['기사내용 요약 \'추대론\'엔 ""저도 경선이 더 깨끗하다 생각"" ""임대차3법 빨리 개정해야…대통령령부터"" ""대선 과정서 尹에 쓴소리 가장 많이 해"" 용산 이전 비판엔 ""靑 개방하면 반전될 것"" 김은혜 출마, \'윤심\' 작용? ""지나친 것 같아"" [서울=뉴시스]최서진 기자 = 원내대표 출마를 선언한 권성동 국민의힘 의원이 6일 ""제가 4선 의원이다. 당선인의 뜻에 따라 출마하고 안 할 군번이 아니다""고 강조했다.권 의원은 이날 연합뉴스TV에 출연해 ""아직까지 출마 선언 이후에 윤석열 당선인과 전화 통화를 하거나 뵌 적은 없다""며 이같이 말했다.그는 \'권성동 추대론\'에 비판이 나오는 데 대해 ""저도 경선하는 게 오히려 더 깨끗하고 민주주의 원칙에 부합한다고 생각하고 있다""고도 했다.가장 중요한 입법 과제로는 ""우선 임대차 3법을 빨리 개정해야 한다""며 ""민주당이 반대한다고 하면 우선 손쉽게 고칠 수 있는 대통령령부터 개정해야 하지 않나 생각한다""고 밝혔다.당정관계에 대해선 ""역대 정부가 실패한 건 청와대에 권력 독점 집중이 됐고, 국회가 여의도의 출장소, 특히 여당의 출장소로 전락했기 때문""이라며 ""윤석열 정부의 방향이 민심과 괴리되면 저하고 또 당선인과 인간적 신뢰 관계가 있지 않나. 그걸 바탕으로 해서 직언도 쓴소리도 할 것""이라고 했다.이어 ""대선 과정에서도 당선인에게 직언과 쓴소리를 가장 많이 한 정치인이 저""라며 "" 제가 하면 당선인께서 저를 믿고 있기 때문에 대부분 수용해주셨다""고 덧붙였다.용산 대통령 집무실 이전에 대한 국민 여론이 부정적인 데 대해선 ""5월 10일 청와대가 개방되면 저는 여론이 반전될 것이라고 보고 있다""며 ""청와대가 개방되고 당선인이 용산 청사에서 국민과 소통하면서 국민 뜻을 받드는 정치를 하면 청와대 해체에 대해 국민들이 굉장히 높이 평가할 것이라고 본다""고 설명했다.또 김태흠 의원과 김은혜 의원이 각각 충남지사와 경기지사를 출마하는 데 대해 \'윤심(尹心)\'이 작용했다는 비판이 제기된 데 대해선 ""윤심이 작용했단 말은 좀 지나친 거 같다. 지방권력도 중앙권력 못지 않게 균형을 맞추는 게 중요하고, 그러한 차원에서 두 분께서 큰 결단을 내린 것으로 이해하면 좋지 않을까""라고 부인했다.☞공감언론 뉴시스 westjin@newsis.com ']"
17,pol,"['(서울=연합뉴스) 고현실 기자 = 서울 마포구(구청장 유동균)는 상수역∼합정역 구간의 전기·통신선로 지중화 공사를 이달 중순 시작한다고 6일 밝혔다. 지중화란 전봇대를 제거하고 각종 전선 등을 땅속으로 묻거나 옮겨 설치하는 작업을 말한다. 상수역∼합정역 구간(독막로 49∼독막로 85)은 약 600ｍ로, 관광객이 많은 홍대와 인접해 있다. 이번 지중화 작업으로 한전주 15기와 통신주 4기가 철거된다. 공사는 11월 마무리될 예정이다. 지중화 작업에는 한국전력공사와 KT, SK브로드밴드, SK텔레콤, LG유플러스 등 통신사들이 참여한다. 총 사업비는 27억원이다.마포구는 이번 공사에 이어 5월 당인리발전소 앞 지중화 작업에 착수하고, 7월에는 신촌역∼서강대역 구간의 지중화 공사도 시작할 예정이다. 구 관계자는 ""지중화 사업은 안전한 보행환경과 쾌적한 도시 미관을 위해 꼭 필요한 사업""이라며 ""공사 인근 주민들의 불편을 최소화하고, 이른 시일 내에 공사를 완료할 수 있도록 최선을 다하겠다""고 말했다.okko@yna.co.kr▶제보는 카톡 okjebo']"
18,pol,"['한국 정부의 공식 입장은 이로부터 며칠이나 지난 5일에야 나왔다. 세 줄짜리 짤막한 입장이었다. 외교부는 대변인 성명을 내고 ""우리 정부는 우크라이나 정부가 발표한 민간인 학살 정황에 대해 심각한 우려를 표명한다""며 ""전시 민간인 학살은 명백한 국제법 위반""이라고 지적했다. 이어 ""아울러 독립적인 조사를 통한 효과적인 책임 규명이 중요하다는 유엔 사무총장의 4ㆍ3 성명을 지지한다""고 밝혔다. 앞서 지난 3일(현지시간) 안토니우 구테흐스 유엔 사무총장은 성명을 통해 ""부차에서 살해된 민간인의 모습을 보고 깊은 충격을 받았다""며 ""효과적인 책임 규명을 위해 독립적인 조사가 필수적""이라고 밝혔다. 미국은 부차의 참상이 드러난 직후 추가 대러 제재 검토와 러시아의 유엔 인권이사회 퇴출 추진에 박차를 가했다. 조 바이든 미 대통령은 4일(현지시간) 워싱턴에서 취재진과 만나 푸틴을 ""전범""으로 재차 칭하며 ""그는 잔인하고 부차에서 일어난 일은 너무 충격적""이라고 비판했다. 토니 블링컨 미 국무장관도 ""매우 분개하지 않을 수 없다""(3일, CNN 인터뷰)며 ""고의적 살인, 고문, 성폭행, 잔혹 행위""(5일, 취재진 앞)라고 맹비난했다. 유럽연합(EU)과 영국도 한 목소리로 부차 대학살을 ""러시아의 전쟁 범죄""로 규정하고 추가 제재를 검토 중이다. 보리스 존슨 영국 총리는 지난 3일(현지시간) ""무고한 민간인에 대한 러시아의 비열한(despicable) 공격""이라고 규탄했다. 에마뉘엘 마크롱 프랑스 대통령도 같은 날 ""참을 수 없다""며 ""러시아가 답하라""고 했다. 이외에도 ""고의적 전쟁 범죄""(덴마크), ""러시아가 저지른 전쟁범죄""(스웨덴), ""부차 참상에 분노""(스페인) 등 규탄 메시지가 잇따랐다. 유럽 국가들은 자국 주재 러시아 외교관 추방 조치에 들어갔다. 로이터 등에 따르면 5일(현지시간) 기준으로 유럽 각국에서 쫓겨나게 된 러시아 외교관은 200여명에 이른다. 정상적 외교관계를 맺고 있는 국가에 대해 매우 이례적이고 강경한 조치다.   분노는 아시아ㆍ태평양에서도 터져나왔다. 마리스 페인 호주 외교장관은 3일(현지시간) 트윗에서 ""러시아군의 처형, 성폭행, 약탈에 충격을 받았다""며 ""비열한 행위""라고 지적했다. 호주는 이튿날 러시아에 대한 사치품 수출 금지 제재 조치를 발표했다. 현재 국제사회 주요국 중 러시아에 대한 비판을 삼가는 나라는 중국 정도에 불과하다. 장쥔(張軍) 주유엔 중국대사는 5일(현지시간) 부차 대학살 관련 유엔 안전보장이사회 회의에서 ""결론이 나기 전까지는 사실에 근거한 비판만 해야 한다""고 주장했다. ""민간인 희생 영상이 끔찍하다""면서도 ""사건 원인 검증이 우선""이라고 말하며 러시아를 두둔한 것이다. 러시아 비판을 머뭇거리는 한국의 대응이 신중한 태도가 아닌 자칫 러시아 감싸기로 비칠 수 있다는 우려가 나오는 이유다. 특히 정의용 외교부 장관은 오는 7일 한국 외교부 장관으론 처음으로 나토(북대서양조약기구ㆍNATO) 외교장관 회의에 초청 받아 참석한다. 이번 회의에선 부차 대학살과 관련한 우크라이나 문제가 집중적으로 논의될 가능성이 크다. 옌스 스톨텐베르그 나토 사무총장은 지난 5일(현지시간) 부차 대학살에 대해 ""유럽이 수십년 동안 본 적 없는 참을 수 없는 만행""이라고 규탄했다. 정 장관만 다소 동떨어진 입장을 갖고 브뤼셀로 향한 모양새가 된 셈이다. 문재인 대통령의 침묵이 아쉽다는 목소리도 있다. 주요국 정상 다수가 정부 공식 입장과 별개로 트위터, 언론 인터뷰, 기자회견 등을 통해 부차 대학살에 대한 강경한 입장을 내고 있기 때문이다. 그렇지 않아도 문 대통령은 인권 변호사 출신이면서도 4년 연속으로 유엔의 북한인권결의안 공동제안국에 불참하며, 북한 인권 문제에는 눈감는다는 비판을 받아왔다. 부차 학살에 대해서도 별다른 입장을 내지 않으며 문 대통령이 임기 말까지 인권에 선택적 접근을 하고 있다는 지적이 이어질 수 있다.  박현주 기자 park.hyunju@joongang.co.kr']"
19,pol,"['(서울=연합뉴스) 배영경 기자 = 통일부는 북한이 금강산의 남측 시설인 해금강호텔을 해체하는 정황과 관련, 남북공동연락사무소 채널을 통해 북측에 확인을 요구했으나 아직 입장을 듣지 못한 것으로 파악됐다.통일부 고위당국자는 6일 기자들과 만나 관련 질문에 ""통일부가 가진 공동연락사무소 기능을 통해 이런 부분들에 대한 확인을 요구했고 그 과정에서 우리의 입장도 북한에 전달했다""면서 ""북측에선 공식적 입장을 내놓지는 않았다""고 밝혔다. 또 해금강호텔 해체 정황이 처음 포착됐을 때 호텔을 운영했던 현대아산 측과 논의하고 현대아산도 자체적으로 현지 상황을 파악하는 과정을 거쳤다고 설명했다.최근 민간 위성사진 상 해금강호텔은 건물 가운데가 움푹 들어가고 호텔 앞 부두에 건물 자재로 보이는 물체들이 쌓여있는 등 철거작업이 상당히 진척된 것으로 보인다.이 고위당국자는 ""처음 봤을 때와 다르게 어느 정도 해체과정이 진척돼 있다""면서 ""일정한 단계가 되면 현대 측과 다시 조율해 우리의 입장을 밝히는 것을 검토 중""이라고 말했다. 그동안 통일부는 북한이 해금강호텔에서 진행하는 작업이 \'해체\'인지 여부는 좀 더 지켜봐야 한다면서도 ""우리 기업의 재산권을 침해하는 일방적 조치는 남북 간 합의 정신 위배""라며 시설 철거 등은 남북이 합의해야 한다고 강조해왔다.통일부가 이번에 연락사무소를 통해 북한에 보낸 입장에서도 이런 원칙을 강조했을 것으로 보인다.한편, 최근 김여정 북한 노동당 중앙위 부부장이 지난 3일과 5일 발표한 담화에 대해선 ""5일 담화가 표현상으론 좀 더 순화되고 정제된 것으로 보인다""고 말했다.하지만 ""내용상으로는 둘 다 핵 문제를 언급한 점을 결코 놓쳐서는 안 된다""며 ""실질적인 위협으로 판단할 수밖에 없고 그렇기 때문에 다음 정부로 넘어가는 이 과정이 정말 중요하다""고 강조했다.김 부부장은 최근 두 담화에서 북한을 핵보유국으로 규정했고 특히 5일 담화에서는 남측이 군사적 대결을 선택한다면 핵무기로 대응하겠다는 입장을 밝혔다.북한의 핵실험 가능성에 대해선 ""핵실험 가능성이 없다는 것은 아니다""라면서도 ""ICBM(대륙간탄도미사일)과 핵실험을 놓고 본다면 상대적으로 ICBM을 발사할 가능성이 더 높다고 본다""고 판단했다. 북한이 핵실험까지 나설 경우 우방국인 중국과 러시아조차도 무작정 추가 대북 제재에 반대하며 북한을 옹호하기 어려워지고, ICBM의 경우 북한이 우주개발 등의 명목을 내세울 수 있다는 점 등을 근거로 삼았다.이 고위당국자는 또 윤석열 대통령 당선인의 정책협의 대표단이 미국 측과 만나 북한 비핵화와 관련, \'완전하고 검증 가능하며 불가역적인 비핵화(CVID)\' 용어를 공식 제기한 데 대해 ""더 큰 부분을 봐야 한다""고 당부했다. 그는 ""\'완전한 비핵화\'나 CVID는 같은 선상에 있지만 \'검증 가능\', \'되돌릴 수 없는\' 등의 표현이 있느냐 없느냐 문제에서 개념 논쟁으로 되돌아갈 것""이라며 ""한반도에 높아진 위협을 어떻게 가라앉히고 변화시킬 것인지에 더 주력해야 한다""고 말했다.ykbae@yna.co.kr▶제보는 카톡 okjebo']"
20,soc,"['(서울=연합뉴스) 김치연 기자 = 국내 금융기관들의 러시아 화석연료 기업 투자가 우크라이나 침공의 자금줄이 되므로 투자를 중단해야 한다는 목소리가 나왔다.환경운동연합과 기후솔루션, 전쟁없는세상, 청년기후긴급행동은 6일 서울 종로구 미래에셋자산운용 본사 앞에서 기자회견을 열고 ""국내 금융기관은 러시아 화석연료에 대한 모든 투자를 중단해야 한다""고 주장했다.단체들은 ""국제사회는 전쟁과 기후변화에 대항해 러시아의 화석연료 산업에 대한 투자를 철회하고 있지만, 국내 금융기관은 여전히 수수방관하고 있다""며 투자 중단과 함께 탈석탄 선언을 하라고 촉구했다.이들은 특히 국내 금융기관 중 미래에셋자산운용·키움투자자산운용·국민연금이 러시아 화석연료에 많은 금액을 투자하고 있다고 지적했다. 단체에 따르면 키움투자자산운용은 지난해 러시아 화석연료 기업 주식을 230억원 보유했고, 미래에셋자산운용과 국민연금도 각각 162억원과 101억원어치의 주식을 갖고 있다.전쟁없는세상 이용석 활동가는 ""전쟁을 끝내기 위해서는 전쟁과 화석연료가 맺고 있는 끈끈한 관계를 직시해야 한다""며 ""푸틴의 자금줄이 되는 화석연료 산업에 투자한다면 전쟁을 방관하는 것을 넘어 전쟁범죄에 동참하는 것""이라고 비판했다.우크라이나 커뮤니티를 대변해 참석한 디미트로 비 씨는 ""러시아 화석연료에 투자하는 것은 곧 러시아발 전쟁에 투자하는 것""이라며 ""러시아 화석연료 생산을 늘리는 건 우크라이나인들의 사망자 수를 늘리는 것""이라고 강조했다.단체들은 국내 금융기관들이 탈석탄 정책 수립과 이행으로 화석연료 금융을 녹색금융으로 전환하라고 촉구했다.chic@yna.co.kr▶제보는 카톡 okjebo']"
21,soc,"['지난 3일 서울 노원구 이마트 트레이더스엔 새벽부터 긴 줄이 이어졌다. 포켓몬빵을 사기 위해 번호표를 받으려는 이들이었다. 대기줄은 오전 2시쯤부터 생겨나 동틀 무렵엔 자녀에게 빵을 사주려는 부모와 어린이 등 100명가량이 서 있었다. 오전 7시에 도착한 김모(42)씨는 ""애들이 포켓몬빵을 먹어보고 싶다기에 남편과 함께 2시간 동안 기다렸는데 번호표는 구경도 못했다""고 한숨을 쉬었다.5일 유통업계에 따르면, 16년 만에 재출시된 \'포켓몬빵\' 열풍이 날이 갈수록 거세지고 있다. 편의점이나 소매점에 비해 물량이 많이 들어오는 대형마트에선 \'오픈런(매장 문이 열리자마자 달려가는 것)\' 현상이 예사로 벌어진다. 신종 코로나바이러스 감염증(코로나19) 확산 초기였던 2년 전 \'마스크 대란\' 때보다도 제품 구하기가 어렵다는 반응도 나온다.이마트 트레이더스는 포켓몬빵 6개를 묶어 선착순으로 판매하면서 새벽부터 고객을 불러모으고 있다. 장시간 기다릴 각오로 돗자리나 접의식 의자를 가져온 이들도 적지 않다. 안은영(39)씨는 ""대형마트 오픈런이 그나마 구매 확률이 높은데 주말엔 대기줄이 너무 길다""며 ""공적 마스크도 터닝메카드도 줄 서서 사 봤지만 포켓몬빵이 가장 사기 어려운 것 같다""고 말했다.포켓몬빵은 소매점에선 1개도 사기 힘들 만큼 공급이 달리는 상황이다. MZ세대와 학생층에서 제품에 동봉된 \'띠부띠부실(포켓몬이 그려진 스티커)\' 수집 열기가 높기 때문이다. 제조사인 SPC삼립은 역시 띠부띠부실을 넣은 \'포켓몬 스위트 디저트\' 3종을 출시할 예정인데, 이들 \'대체재\'가 나오면 포켓몬빵 품귀 현상이 다소 해소될 거란 전망도 나온다.윤한슬 기자 1seul@hankookilbo.com']"
22,soc,"['(양주=뉴스1) 최대호 기자,이상휼 기자 = 염태영 더불어민주당 경기도지사 예비후보(전 수원시장)가 경기북부 발전에 대한 다양한 의견을 듣기 위해 양주시를 찾았다.염 예비후보는 6일 양주시청에서 진행된 기자간담회에서 ""양주를 비롯한 경기 북부지역은 지난 70여 년 간 국가안보를 위해 특별한 희생을 감내해 왔다""며 북부 도민들이 받아온 그간의 희생을 언급했다. 이어 ""군사규제, 수도권규제, 그린벨트 등 각종 중첩규제로 인해 개발이 지체됐고, 그로 인해 경기 북부 도민의 상대적 박탈감도 점점 커졌다""며 안타까움을 표했다.이날 기자간담회에서는 북부 발전을 위한 다양한 의견이 나왔다. 특히 북부 거점 공공의료원 설립은 주요 화두가 됐다.앞서 정부는 수차례 경기북부권역 공공의료원 설립을 발표했지만, 아직 진척이 없는 상태다.염 예비후보는 이에 ""경기북부 공공의료원 설립을 적극 추진하겠다""며 ""첨단 의료설비와 최적의 설비를 갖추고 최고의 의료진이 근무할 수 있는 의료 환경을 조성하겠다""고 밝혔다.아울러 ""공공의료원이 지역 민간병원, 보건소의 거점 의료시설이자 지역보건의료 네트워크의 구심점으로 역할하는 의료 서비스의 지역 거버넌스도 구축할 계획""이라며 ""경기북부 경기도한방의료원 건립도 추진하겠다""고 공언했다.경기북부권은 전국 3위의 인구규모에도 불구하고 의료 인프라 부족이 심각한 지역이다. 병상 300개 이상의 종합병원은 의정부, 남양주, 구리 등 9곳에 불과하고 양주, 동두천, 연천, 가평에는 아예 종합병원이 없다.염 예비후보는 이날 북부지역 교통환경 개선을 위한 GTX-C 노선 조기완공 및 노선연장에 대해 노력할 것도 피력했다.염 예비후보는 ""GTX-C 노선이 사업 지연 없이 개통될 수 있도록 지원하고 해당 노선에 SRT 운행을 적극 검토할 계획으로, 양주시 서부권 교통환경을 획기적으로 개선하기 지원을 아끼지 않겠다""고 약속했다.sun0701@news1.kr ']"
23,soc,"['기사내용 요약 6일 첫 대표공약 제시 “대통령 당선인 공약 연계 추진”[제주=뉴시스] 이정민 기자 = 제8회 전국동시지방선거에 출마한 허향진 국민의힘 제주도지사 예비후보가 첫 공약으로 소통을 통한 포용정책으로 지역 공동체 아픔과 상처회복을 제시했다.허향진 예비후보는 6일 보도자료를 내고 공동체 회복 대상 사업으로 4.3과 강정마을 공동체 해체를 들며 “도민 사회의 상처와 갈등을 치유할 수 있는 행·재정적 지원을 추진하겠다”고 밝혔다.이어 “윤석열 대통령 당선인의 공약과 연계해 4.3 희생자와 유족에 대한 체계적인 지원과 강정지역 공동체 회복을 위한 사업 집행을 마무리하겠다”고 말했다.공동체 회복 공약 이행 방법으로 4.3의 경우 가족관계특례조항 신설과 보상금 확대를 제시했다. 현재 최대 9000만원인 보상금을 과거 대법원 판결을 기준으로 1억3200만원까지 늘리겠다고 강조했다.허 예비후보는 또 “4.3추모제를 국가적 문화제로 승화해 국민공감 화합의 장을 마련하고, 강정마을 공동체 회복을 위해 트라우마센터 건립을 지원, 마을발전 사업을 추진하겠다”고 피력했다.이와 함께 “포용정책을 통한 지역 공동체 회복 사업을 민선 8기 임기 내 이행하고 재원은 국비와 지방비로 조달하겠다”고 부연했다.☞공감언론 뉴시스 73jmlee@newsis.com ']"
24,soc,"['(서울=연합뉴스) 최평천 기자 = 정부가 다음달부터 국제선 운항 정상화를 추진하면서 신종 코로나바이러스 감염증(코로나19) 사태로 2년간 어려움을 겪었던 국내 항공사들 입장에서는 다소 숨통이 트이게 됐다.국토교통부는 5월부터 국제선 정기편을 증편해 이달 주 420회 운항에서 5월 520회, 6월 620회로 늘릴 계획이라고 6일 밝혔다. 7월부터는 주 300회씩 증편해 11월에는 코로나19 사태 이전의 50% 수준인 주 2천420회로 확대한다는 계획이다.이에 따라 국내 항공사들도 국토부에 증편 등의 운항 허가를 신청했다. 국토부는 노선별 상황에 따라 추가 운항 항공사를 조만간 확정할 방침이다.대한항공과 아시아나항공은 새로운 운항 허가가 나오면 이미 수립된 5월 운항 일정을 조정할 계획이다.대한항공은 5월에 36개 노선, 주 136회의 운항 계획을 잡아 놓고 있다. 이달 36개 노선, 133회 운항과 비교하면 소폭의 증편이 이뤄진 것이다.대한항공은 5월 하와이 노선을 주 3회에서 5회로, 파리는 주 3회에서 4회로, 괌은 주 2회에서 4회로, 시드니는 주 2회에서 3회로 각각 증편한다. 일부 노선은 수요 감소에 따라 운항 편수가 줄었다.아시아나항공은 이달 26개 노선, 주 100회 운항에서 다음달에는 27개 노선, 주 105회 운항으로 증편할 계획이다.LA 노선은 주 10회에서 11회로, 시드니 노선은 주 2회에서 3회로 증편된다.국토부의 국제선 정상화 추진 발표 이전에 이러한 5월 운항 일정을 수립한 대한항공과 아시아나항공은 조만간 국제선을 추가로 증편할 예정이다.저비용항공사(LCC)들은 동남아 위주로 국제선 운항 증편을 검토하고 있다.제주항공은 5월 마닐라, 나리타, 오사카 노선 증편을 검토 중이다. 무안공항에서 출발하는 베트남 다낭 노선도 국토부에 운항 허가 신청을 했다.티웨이항공은 새로 도입한 중·대형기인 A330-300을 다음달 싱가포르 노선에 투입할 계획이며, 베트남과 태국 노선 운항도 검토하고 있다.국제선 증편을 준비 중인 항공업계는 정부의 국제선 단계적 일상 회복 추진을 환영하면서도 방역 완화 등의 조치가 함께 시행되지는 않는 점은 아쉽다는 반응이다.국토부와 항공사가 국제선을 증편해 공급을 늘리더라도 방역조치 완화 등을 통해 여객 수요가 늘어나지 않는다면 항공사들의 손실은 커지고, 이로 인해 국제선 운항편이 다시 감소할 가능성이 있다.코로나19 백신 접종자의 입국 시 자가격리가 면제되면서 여행 수요가 늘어났지만, 입국 시 PCR(유전자 증폭) 검사 음성확인서 제출 의무화 조치는 여전히 해외여행의 \'걸림돌\'이 되고 있다는 지적이 나온다.해외에서 우리나라에 입국할 때는 출발일 기준 48시간 이내 검사한 PCR 음성확인서를 제출해야 한다. 출국했다가 외국 현지에서 양성 판정이 나오면 입국할 수 없다.항공업계 관계자는 ""실제로 해외에서 양성이 나온 뒤 한 달간 바이러스가 검출돼 한국으로 못 돌아온 사례가 있었다""며 ""이미 여러 국가가 PCR 검사를 면제하는 상황을 고려해 우리나라도 PCR 검사를 면제할 필요가 있다""고 주장했다.국토부 관계자는 ""PCR 검사 면제는 검역 관련 정책이라 (국토부가) 결정할 사안은 아니고, 질병관리청의 권한""이라며 ""국토부에서도 (질병청에) 의견 제시를 할 계획""이라고 말했다.항공업계에서는 김해공항의 국제선 정상화 시기가 오는 7월로 정해진 점에 대해서도 다소 아쉽다는 분위기다.지난해 11월 국제선 운항이 재개된 김해공항은 현재 같은 요일에, 제한된 운항 시간(08:00~18:00)에만 특정 노선의 운항이 허용되고 있다.이에 제주항공, 에어부산, 진에어 등은 사이판과 괌 노선을 같은 요일 같은 시간에 띄우고 있다. 오후 6시 이전까지 김해공항으로 돌아와야 하는 리턴 일정을 고려하면 출발 시간이 같아질 수밖에 없다.pc@yna.co.kr▶제보는 카톡 okjebo']"
25,soc,"['(서울=연합뉴스) 조다운 기자 = ""용산역 인근에서 노숙하는 A(61)씨는 올해 2월부터 다리에 심한 통증을 느끼다가 3월 말이 돼서야 노숙인 진료 시설에서 진료를 받을 수 있었습니다. 병원에 다녀오는 데 걸린 시간은 모두 6시간. X선 촬영 5분, 채혈 검사 5분, 진찰 10분을 제외하면 5시간 40분을 이동과 대기에 썼습니다.""홈리스행동·인도주의실천의사협의회 등은 6일 서울 종로구 통의동 대통령직 인수위원회 사무실 앞에서 기자회견을 열고 \'노숙인 진료 시설 지정제도\'(지정제도) 폐지를 촉구했다.단체는 ""모든 의료급여 수급자 중에 지정제도를 도입하고 있는 유형은 노숙인이 유일하다""며 ""소수의 국공립 병원 외에 홈리스가 이용할 수 있는 병원은 거의 없다""고 지적했다.현행 제도상 노숙인 일시보호시설이나 자활 시설에 거주하는 노숙인은 지정된 진료 시설을 이용해야만 의료급여를 받을 수 있다. 단체는 ""전국에서 노숙인 진료 시설이 가장 많은 서울시도 병원급 이상 노숙인 진료 시설은 10곳이고, 그중 민간의료기관은 단 한 곳에 불과하다""며 ""매번 이동과 대기로 몇 시간을 허비해야 하는 등의 조건이 홈리스가 일상적 의료 이용을 포기할 수밖에 없도록 부추기고 있다""고 했다.그러면서 ""지난 1월 국가인권위원회가 지정제도의 폐지를 보건복지부에 권고했지만, 권고 두 달여 만에 복지부가 제정한 \'노숙인 진료 시설 지정 등에 관한 고시\'는 적용 시기를 1년으로 제한하고 요양병원을 제외하는 등 지정제도 유지를 근간으로 삼고 있다""고 지적했다. 이어 ""시행규칙에 근거를 둔 노숙인 진료 시설 지정제도는 정책 의지에 따라 충분히 폐지할 수 있다""며 지정제도 폐지를 촉구하는 요구서를 인수위에 전달했다. allluck@yna.co.kr▶제보는 카톡 okjebo']"
26,soc,"['(서울=연합뉴스) 계승현 기자 = 제주도가 국내 첫 영리병원인 녹지국제병원(이하 녹지병원) 개원 허가에 내국인 진료 제한 조건을 단 것은 부당하다는 법원 판결에 보건의료 노동자들이 강하게 반발했다. 전국민주노동조합총연맹 전국보건의료산업노동조합(이하 보건의료노조)는 6일 성명을 내고 ""녹지병원 개원 저지 및 영리병원 허용 법제도 폐기 투쟁에 나서겠다""고 밝혔다. 전날 제주지방법원은 중국 녹지그룹의 자회사 녹지제주헬스케어타운유한회사가 제주도를 상대로 제기한 \'외국의료기관 개설 허가조건 취소 청구 소송\'에서 ""피고가 원고에 대해 한 녹지병원 개설 허가 조건을 취소한다""며 원고 승소 판결을 내렸다. 녹지병원에 내국인 진료를 제한하고 외국인 관광객만을 대상으로 병원을 운영토록 하는 제주도의 \'조건\'이 법령상 근거가 없어 위법이라는 이유에서다.보건노조는 ""의료가 돈벌이의 수단으로 활용되는 순간부터 국민의 생명과 건강권을 지키는 문제는 요원해진다""며 ""이 때문에 의료법 33조는 비영리 법인만 의료기관 설립을 할 수 있게 하고 있다""고 설명했다. 보건노조는 ""그런데도 제주특별자치도법이나 경제자유구역특별법 등은 특별법의 지위를 이용해 의료법 체계를 무력화하고 영리법원 설립을 허용하고 있다""고 비판했다. 보건노조는 ""녹지병원 설립이 현실화하면 전국 영리법원 설립의 신호탄이 될 수 있다""며 ""단 하나의 영리병원이라도 허용되면 우리나라 의료시스템 전반이 돈벌이의 수단으로 왜곡된다""고 우려했다. 보건노조는 또 ""원희룡 전 제주지사의 내국인 진료제한 조건부 허가가 최악의 자충수가 돼 법원에서 연달아 패소하고 있다""며 그를 향해 ""국민에 석고대죄하고 정계를 떠나라""라고도 했다. 전날 대한의사협회도 공식 입장문에서 ""영리병원은 의료기관 본연의 역할보다는 의료를 이윤 창출의 도구로 전락하게 할 것""이라며 ""필수 의료과목의 퇴출, 지방 중소 의료기관의 연이은 폐업 등 악순환으로 이어져 의료시스템을 붕괴시킬 것""이라고 강조하며 법원 판결을 비판했다.key@yna.co.kr▶제보는 카톡 okjebo']"
27,soc,"['(안산=연합뉴스) 권준우 기자 = 가상화폐 등에 투자하면 고수익을 낼 수 있다고 속여 20여억원을 가로챈 일당이 1년여간의 경찰 수사 끝에 모두 붙잡혔다.경기 안산상록경찰서는 장물취득 등 혐의로 A(23) 씨 등 3명을 구속하고 5명을 불구속 입건해 지난달 30일 검찰에 송치했다고 6일 밝혔다.A씨 등은 지난해 1월부터 6개월여간 온라인 홈페이지 등으로 투자자를 모집, 52명으로부터 20여억원을 받아 챙긴 혐의를 받고 있다.이들은 가상화폐와 금 등에 투자하면 고수익을 낼 수 있다는 내용의 온라인 홈페이지를 운영하면서 전화 및 메신저 상담을 통해 피해자들을 모집했다.피해자들은 대부분 주부로, 수익을 보장한다는 말만 믿고 적게는 수백만원에서 많게는 수억원씩을 투자한 것으로 파악됐다.이들은 자체 설립한 허위 법인 명의의 통장으로 투자금을 입금받았고, 수사당국의 추적을 피하려고 돈을 위안화로 환전해 중국 현지로 송금했다가 다시 송금받는 등 자금 출처를 숨기려는 시도도 한 것으로 밝혀졌다.경찰은 지난해 1월 피해자 신고를 받고 수사에 착수, 계좌추적 등을 통해 같은 해 3월 18일 A씨와 공범 등 3명을 붙잡아 이 중 A씨를 구속했다.이로써 사건이 일단락되는 듯했으나 이들은 A씨 구속 이후에도 문제의 홈페이지와 유사한 인터넷주소(URL)의 새로운 홈페이지를 만들어 범행을 이어갔고, 이를 파악한 경찰은 최근 이들이 다른 명의로 새 법인을 만들어 범행 중인 사실을 확인해 B(42) 씨 등 2명을 구속하는 등 모두 5명을 추가 입건했다.이들은 B씨를 주축으로 모인 동네 선후배들로, 범죄수익 대부분을 유흥비와 도박 비용 등으로 탕진한 것으로 파악됐다.경찰 관계자는 ""일당은 모두 체포됐지만, 투자금들은 이미 모두 탕진한 뒤여서 투자자들의 피해 회복은 사실상 어렵게 됐다""며 ""검증되지 않는 투자기관에서 고수익을 보장하며 권유한다면 사기일 가능성이 높으니 주의해달라""고 당부했다.stop@yna.co.kr▶제보는 카톡 okjebo']"
28,soc,"['기사내용 요약 姜 ""모언론서 이시장 녹취공개, 어떤 연관""  李 ""광주시 입장 밝힐 것"" [광주=뉴시스] 배상현 기자 = 강기정 예비후보 경선선거대책본부(이하 대책위)는 6일 모 언론사가 보도한 특혜의혹과 관련해 이용섭 예비후보에게 공개질의에 나섰다. 강 대책본부는 이날 광주시의회에서 긴급기자회견을 열고 ""어제 한 언론은 이용섭 광주시장 예비후보가 지난해 시장 시절, 시 산하 보건환경연구원과 특정 업체의‘24억원 특혜 의혹’보도를 직접 무마시키려고 한 녹취가 공개됐다""며 공개질의 배경을 밝혔다. 대책본부는 ""언론이 특정 업체 일감몰아주기 특혜 의혹으로 지목하는 해당 24억원 수의계약에 이용섭 당시 시장은 대체 어떤 연관이 있기에 본인이 직접 보도 무마 청탁을 시도한 것인지""라고 물었다. 이어 ""보건환경연구원과 계약을 체결한 특정 업체가 연평균 640만원에서 1년 사이 380배 이상 증가한 24억원 가량 납품을 한 경위에 대해 감사를 진행하겠다고 말해놓고 1년이 지난 현재까지 감사를 진행하지 않은 이유는 무엇인지 밝히라""고 촉구했다. 이에대해 이 예비후보측은 ""광주시가 입장을 내놓을 것이다""고 밝혔다. 한편 모 종편 채널 방송은 광주시 산하 \'보건환경 연구원\'이 영세 의료기기 도매업체로부터 코로나 진단시약을 수의 계약으로 1년에 24억원 어치나 납품받아 의혹을 사고 있으며 이용섭 광주시장이 관련 의혹 제기에도 감사를 차일피일 미뤘다고 보도했다.☞공감언론 뉴시스 praxis@newsis.com ']"
29,soc,"['(부여=뉴스1) 김낙희 기자 = 충남 부여군이 2019년부터 추진한 ‘홍산 보부상 시간여행길 조성사업’이 이달 착공한다.홍산면은 과거 저산팔읍 상무사의 중심이자 충남에서 가장 활발했던 홍산 보부상의 거점이었다.6일 부여군에 따르면 지난해 마스터플랜 수립과 실시설계를 마친 이 사업에는 국토부 공모사업을 통해 확보한 국비 19억1800만 원에 군비 6억1600만 원을 합쳐 총 25억3400만 원이 투입된다.군은 이달 중 착공해 오는 12월 준공할 예정이다.이 사업은 1920년께 지어진 저포조합 건물(국가등록문화재)을 역사·문화 전시관으로, 1930년께 지어진 홍산 동아다방(향토문화유산) 건물은 문화다방으로 리모델링하는 것이 주요 골자다.저포조합은 당시 홍산 주민들이 생산한 모시를 구매해 보부상 등과의 거래를 주도했었다. 건물은 쇠락기를 거쳐 최근에는 당구장 등으로 사용돼왔다.동아다방 건물은 최초 비단 상점으로 운영됐다가 1990년께부터는 현재의 다방이 운영되는 곳이다.이번에 새롭게 탈바꿈하는 이들 공간에는 Δ주민 쉼터 Δ사랑방 Δ마을카페 Δ전시관 Δ마을여행사 등이 들어설 계획이다.군은 새로운 지역 비즈니스 모델을 육성하고 지역경제 활성화도 도모할 방침이다.박정현 군수는 “홍산시장과 5일장 경쟁력이 약화하면서 지역경제가 쇠락했다”며 “이번 사업으로 기반시설과 문화컨텐츠 융복합을 통한 새로운 부가가치를 창출하겠다”고 말했다.klucky@news1.kr ']"
